wages,self_employment_income,odd_jobs,private_pensions,national_savings,bank_interest,stocks_shares,individual_savings_account,property,royalties,bonds_and_gilts,other_investment_income,other_income,alimony_and_child_support_received,private_sickness_scheme_benefits,accident_insurance_scheme_benefits,hospital_savings_scheme_benefits,unemployment_or_redundancy_insurance,permanent_health_insurance,any_other_sickness_insurance,critical_illness_cover,trade_union_sick_or_strike_pay,health_insurance,alimony_and_child_support_paid,trade_unions_etc,friendly_societies,work_expenses,avcs,other_deductions,loan_repayments,pension_contributions_employee,pension_contributions_employer,income_tax,national_insurance,local_taxes,social_fund_loan_repayment,student_loan_repayments,care_insurance,child_benefit,state_pension,bereavement_allowance,armed_forces_compensation_scheme,war_widows_pension,severe_disability_allowance,attendance_allowance,carers_allowance,industrial_injury_benefit,incapacity_benefit,personal_independence_payment_daily_living,personal_independence_payment_mobility,dla_self_care,dla_mobility,education_allowances,foster_care_payments,maternity_allowance,maternity_grant,funeral_grant,any_other_ni_or_state_benefit,friendly_society_benefits,government_training_allowances,contrib_jobseekers_allowance,guardians_allowance,widows_payment,winter_fuel_payments,working_tax_credit,child_tax_credit,non_contrib_employment_and_support_allowance,income_support,pension_credit,savings_credit,non_contrib_jobseekers_allowance,housing_benefit,free_school_meals,universal_credit,other_benefits,student_grants,student_loans,council_tax_benefit,contrib_employment_and_support_allowance,scottish_child_payment,scottish_carers_supplement,discresionary_housing_payment,scottish_disability_assistance_children_daily_living,scottish_disability_assistance_children_mobility,scottish_disability_assistance_older_people,scottish_disability_assistance_working_age_daily_living,scottish_disability_assistance_working_age_mobility,basic_income,employers_ni,scottish_income_tax,total_benefits,legacy_mtbs,means_tested_bens,non_means_tested_bens,sickness_illness,scottish_benefits,pension_relief_at_source,net_cost,id,data_year,sex,ethnic_group,is_child,age_band,employment_status,tenure,region,gross_decile,council,label
7.072456974307906e10,8.170795092977035e9,2.1654494748211086e7,8.8834141687099e9,4.083392411704883e7,8.07377378546974e7,4.759381423351386e8,2.3039265204987246e8,4.8957477966704667e8,1.4917404017801788e7,8.261722676172697e6,3.93987010191942e8,7.593658285033363e7,1.845179633293281e8,1.3648179430854484e7,488585.2598688415,0.0,5.302231983378612e6,5.885015858035465e6,1.767572776037728e7,2.5423459097592577e7,3.3873600493881465e6,0.0,0.0,78293.61910030179,0.0,391481.02254089393,0.0,78293.61910030179,0.0,4.85733265811108e8,1.4228624893351661e7,2.6279984522464016e10,5.283699555235687e9,2.9865849482286086e9,3.756691282211679e7,79751.35068120567,0.0,0.0,0.0,0.0,3.107469852927199e7,3.493970979732994e7,2.846203288893723e7,4.907972506107675e8,4.9495071109034646e8,0.0,0.0,9.453395368099957e8,5.2094822087748986e8,4.1121048367895955e8,2.888734650770718e8,0.0,291711.5168494097,0.0,5.197899287482469e7,2.1984387456105953e8,0.0,0.0,899358.876904983,0.0,0.0,0.0,0.0,0.0,0.0,0.0,0.0,0.0,0.0,0.0,0.0,8.107031217328906e7,0.0,0.0,0.0,0.0,0.0,0.0,0.0,6.494061875623353e7,0.0,0.0,0.0,0.0,0.0,0.0,2.837689596705938e10,8.052711967299915e9,2.6154751381554024e10,3.204251694517871e10,0.0,8.107031217328906e7,3.1961446633005424e10,3.2455223197898016e9,6.494061875623353e7,1.1261231725776976e8,-2.7329767152651377e9,1,0,Missing_Sex,Missing_Ethnic_Group,false,0,Missing_ILO_Employment,Missing_Tenure_Type,Missing_Standard_Region,0,No_Council,Grant Total £p.a
2.322799107816303e6,323876.901807195,26830.53539518897,863478.5075432374,367268.61542697507,1.072319145526226e6,267990.93801324035,801548.9809677985,105037.7473348886,13038.292574864287,5918.124754461014,1.9632967442345317e6,28950.998826447874,63101.983226090095,3097.965264582577,234.53290096937744,0.0,1370.9234367927204,714.7333481224853,2538.4669453850747,773.43831839841,1147.1446993804902,0.0,0.0,465.2679081630605,0.0,1074.7292506322597,0.0,465.2679081630605,0.0,113624.97129472141,14400.615494294521,3.469145715114814e6,2.1780194614155395e6,2.510216634898106e6,50653.49156341721,300.1930176642189,0.0,0.0,0.0,0.0,7053.989264392093,5919.733347967842,6762.191244673618,124192.0,140321.1295510664,0.0,0.0,251474.45216464502,208148.32988993265,128194.94730568743,115906.21463298051,0.0,1987.5173176947728,0.0,2113.4192495858324,3510.354749448021,0.0,0.0,463.31612038270197,0.0,0.0,0.0,0.0,0.0,0.0,0.0,0.0,0.0,0.0,0.0,0.0,158386.46458093013,0.0,0.0,0.0,0.0,0.0,0.0,0.0,140321.1295510664,0.0,0.0,0.0,0.0,0.0,0.0,5.466e6,1.9769244677831992e6,3.467159276179497e6,5.466e6,0.0,158386.46458093013,5.466e6,654727.6950636436,140321.1295510664,113624.97129472141,3.522837678243921e6,1,0,Missing_Sex,Missing_Ethnic_Group,false,0,Missing_ILO_Employment,Missing_Tenure_Type,Missing_Standard_Region,0,No_Council,Counts
0.0,0.0,0.0,0.0,0.0,0.0,0.0,0.0,0.0,0.0,0.0,8.411657199170792e7,3.608092916410214e7,0.0,0.0,0.0,0.0,0.0,0.0,0.0,0.0,0.0,0.0,0.0,0.0,0.0,0.0,0.0,0.0,0.0,0.0,0.0,8.2054012192422915e6,0.0,0.0,0.0,0.0,0.0,0.0,0.0,0.0,0.0,0.0,0.0,0.0,0.0,0.0,0.0,0.0,0.0,0.0,0.0,0.0,0.0,0.0,0.0,0.0,0.0,0.0,0.0,0.0,0.0,0.0,0.0,0.0,0.0,0.0,0.0,0.0,0.0,0.0,0.0,8.107031217328906e7,0.0,0.0,0.0,0.0,0.0,0.0,0.0,0.0,0.0,0.0,0.0,0.0,0.0,0.0,3.253615369017149e9,0.0,8.2054012192422915e6,3.3346856811904383e9,0.0,8.107031217328906e7,3.253615369017149e9,0.0,0.0,0.0,3.3264802799711957e9,1,0,Missing_Sex,Missing_Ethnic_Group,false,0,Missing_ILO_Employment,Missing_Tenure_Type,Missing_Standard_Region,0,No_Council,Missing_ILO_Employment - £p.a
0.0,0.0,0.0,0.0,0.0,0.0,0.0,0.0,0.0,0.0,0.0,1.0543072334307968e6,21814.047580672843,0.0,0.0,0.0,0.0,0.0,0.0,0.0,0.0,0.0,0.0,0.0,0.0,0.0,0.0,0.0,0.0,0.0,0.0,0.0,21814.047580672843,0.0,0.0,0.0,0.0,0.0,0.0,0.0,0.0,0.0,0.0,0.0,0.0,0.0,0.0,0.0,0.0,0.0,0.0,0.0,0.0,0.0,0.0,0.0,0.0,0.0,0.0,0.0,0.0,0.0,0.0,0.0,0.0,0.0,0.0,0.0,0.0,0.0,0.0,0.0,158386.46458093016,0.0,0.0,0.0,0.0,0.0,0.0,0.0,0.0,0.0,0.0,0.0,0.0,0.0,0.0,1.0543072334307968e6,0.0,21814.047580672843,1.0543072334307968e6,0.0,158386.46458093016,1.0543072334307968e6,0.0,0.0,0.0,1.0543072334307968e6,1,0,Missing_Sex,Missing_Ethnic_Group,false,0,Missing_ILO_Employment,Missing_Tenure_Type,Missing_Standard_Region,0,No_Council,Missing_ILO_Employment - counts
6.191643134206287e10,8.587640332233568e8,6.0010857337457035e6,5.033938044331512e8,8.794034044683613e6,2.807037084777887e7,1.8986578595198202e8,6.731038477536076e7,2.1092565081225824e8,6.414015730154328e6,4.464120408961697e6,9.828284401662266e7,3.203756466743498e6,1.2265410782538739e8,7.618425974978468e6,3589.71263616779,0.0,2.50169882893889e6,481868.1418003551,1.5059507432891961e7,1.162631761168493e6,3.3539314972835504e6,0.0,0.0,78293.61910030179,0.0,51239.36045718552,0.0,78293.61910030179,0.0,4.483226103477897e8,1.3271990264396077e7,1.9178490248896103e10,4.586327333964016e9,1.3922764941906638e9,222796.49044012063,79751.35068120567,0.0,0.0,0.0,0.0,5.306120110565782e6,2.94602145191374e6,0.0,0.0,6.898513135921171e6,0.0,0.0,5.421546104187846e7,2.660765615625606e7,1.2924322060872197e7,7.911462559389825e6,0.0,84904.95508834324,0.0,1.1743813077222638e7,0.0,0.0,0.0,899358.876904983,0.0,0.0,0.0,0.0,0.0,0.0,0.0,0.0,0.0,0.0,0.0,0.0,0.0,0.0,0.0,0.0,0.0,0.0,0.0,0.0,905127.9279058368,0.0,0.0,0.0,0.0,0.0,0.0,8.558851679502134e9,7.380096958020193e9,1.9121023939821465e10,8.689294440856054e9,0.0,0.0,8.689294440856054e9,1.0946254288222356e8,905127.9279058368,1.0081703332581416e8,-1.6669433702846354e10,1,0,Missing_Sex,Missing_Ethnic_Group,false,0,Missing_ILO_Employment,Missing_Tenure_Type,Missing_Standard_Region,0,No_Council,Full_time_Employee - £p.a
1.7312114105168553e6,26686.565689125287,8517.308041449785,64776.724833618086,99381.53346360123,472676.0457222824,100239.15873300258,329422.64271162025,44844.676371034846,5375.346778347042,1183.4774561447393,413612.2479267797,634.3664327671868,42820.01077098115,1703.4148359773558,44.84069514844316,0.0,751.5552269822881,184.69962998507793,1952.2009860338371,321.6464255847636,1035.4873863953019,0.0,0.0,465.2679081630605,0.0,106.3446353305241,0.0,465.2679081630605,0.0,93627.3933586951,12143.3973336835,1.7408548666213863e6,1.6666970171451687e6,1.0869979757306757e6,473.9652166440716,300.1930176642189,0.0,0.0,0.0,0.0,1850.5241160000883,188.71826987985858,0.0,0.0,1955.7647534698292,0.0,0.0,14164.20372281536,11448.414146251864,5273.394287589535,3328.847963882541,0.0,367.8470836782054,0.0,571.2083880761031,0.0,0.0,0.0,463.31612038270197,0.0,0.0,0.0,0.0,0.0,0.0,0.0,0.0,0.0,0.0,0.0,0.0,0.0,0.0,0.0,0.0,0.0,0.0,0.0,0.0,1955.7647534698292,0.0,0.0,0.0,0.0,0.0,0.0,1.766878832216392e6,1.6325374889818798e6,1.7408548666213863e6,1.766878832216392e6,0.0,0.0,1.766878832216392e6,23109.864141048994,1955.7647534698292,93627.3933586951,221097.2598453512,1,0,Missing_Sex,Missing_Ethnic_Group,false,0,Missing_ILO_Employment,Missing_Tenure_Type,Missing_Standard_Region,0,No_Council,Full_time_Employee - counts
7.725637759729163e9,1.1476049019230065e8,7.763657177327691e6,6.408371050116459e8,3.57862701206771e6,7.557523601708029e6,4.2291086609125435e7,2.3935271756770916e7,6.086704104808025e7,888166.1239400819,275904.0442873759,1.686212484032997e7,4.519511536966014e6,4.1079786576218545e6,0.0,0.0,0.0,0.0,0.0,0.0,296222.9062821147,33428.55210459589,0.0,0.0,0.0,0.0,0.0,0.0,0.0,0.0,3.657555651064809e7,956634.6289555858,2.1780720662064652e9,3.301179077754171e8,2.4333534302172434e8,100467.06550123567,0.0,0.0,0.0,0.0,0.0,1.6058864214929917e6,4.83727824758398e6,0.0,0.0,4.512476560770087e7,0.0,0.0,3.917189108209291e7,2.2084764294576965e7,2.317206950314296e7,1.6684742037639316e7,0.0,95252.04308146556,0.0,7.772037294938484e6,2.395149980039519e7,0.0,0.0,0.0,0.0,0.0,0.0,0.0,0.0,0.0,0.0,0.0,0.0,0.0,0.0,0.0,0.0,0.0,0.0,0.0,0.0,0.0,0.0,0.0,5.920650549907365e6,0.0,0.0,0.0,0.0,0.0,0.0,2.9733063244528894e9,5.185804906003965e8,2.170468475507495e9,3.1637271613354416e9,0.0,0.0,3.1637271613354416e9,1.5215888307506043e8,5.920650549907365e6,1.1538548852820914e7,3.891247466261933e8,1,0,Missing_Sex,Missing_Ethnic_Group,false,0,Missing_ILO_Employment,Missing_Tenure_Type,Missing_Standard_Region,0,No_Council,Part_time_Employee - £p.a
575411.5715100791,11601.266783385212,3794.6424351301434,63302.91973041436,42316.53379195987,125672.28813291549,28644.94377136354,107008.3374855716,10923.460061142703,987.3590320352174,487.5277182984411,110108.2972997266,184.20219374391257,2119.613443288379,0.0,0.0,0.0,0.0,0.0,0.0,179.52361553791525,111.6573129851883,0.0,0.0,0.0,0.0,0.0,0.0,0.0,0.0,19713.954183699218,2257.2181606110216,580153.2769487688,306518.47740093176,218868.24681799707,192.54468405438732,0.0,0.0,0.0,0.0,0.0,360.46434235003676,287.7361494684414,0.0,0.0,12793.108361943312,0.0,0.0,11314.038151670564,10576.485133580147,8611.224405543217,7882.19962943455,0.0,558.9831995549096,0.0,297.90149795794326,229.5147140352722,0.0,0.0,0.0,0.0,0.0,0.0,0.0,0.0,0.0,0.0,0.0,0.0,0.0,0.0,0.0,0.0,0.0,0.0,0.0,0.0,0.0,0.0,0.0,12793.108361943312,0.0,0.0,0.0,0.0,0.0,0.0,591162.221737769,332226.80221569655,580153.2769487688,591162.221737769,0.0,0.0,591162.221737769,35773.70756433626,12793.108361943312,19713.954183699218,418393.54113970685,1,0,Missing_Sex,Missing_Ethnic_Group,false,0,Missing_ILO_Employment,Missing_Tenure_Type,Missing_Standard_Region,0,No_Council,Part_time_Employee - counts
8.671178881067972e8,5.996670411146951e9,1.29136524403641e6,2.6951657577960676e8,3.029444996408304e6,6.338383790162519e6,4.364031752592999e7,1.277563567453653e7,4.5220063753434636e7,3.3982952936856207e6,85766.76345365033,1.8052423552663017e7,2.5041370220392905e6,1.5889994048498226e7,0.0,0.0,0.0,2.2362150683751525e6,994592.6789520291,0.0,0.0,0.0,0.0,0.0,0.0,0.0,0.0,0.0,0.0,0.0,622960.2947856111,0.0,2.3934987413317614e9,3.235740380920444e8,2.1058251850998867e8,0.0,0.0,0.0,0.0,0.0,0.0,0.0,1.6719017262996887e6,0.0,0.0,1.4916638932853607e7,0.0,0.0,9.844394293412233e6,4.1706397467532787e6,5.105011113284377e6,2.7304211900575124e6,0.0,35066.72227414009,0.0,0.0,0.0,0.0,0.0,0.0,0.0,0.0,0.0,0.0,0.0,0.0,0.0,0.0,0.0,0.0,0.0,0.0,0.0,0.0,0.0,0.0,0.0,0.0,0.0,0.0,1.9571560164624439e6,0.0,0.0,0.0,0.0,0.0,0.0,1.2106612390213072e9,1.2955394992172164e8,2.384586038849236e9,1.2510924687627046e9,0.0,0.0,1.2510924687627046e9,3.872426129282346e7,1.9571560164624439e6,191517.13706282145,-1.6769458634452155e9,1,0,Missing_Sex,Missing_Ethnic_Group,false,0,Missing_ILO_Employment,Missing_Tenure_Type,Missing_Standard_Region,0,No_Council,Full_time_Self_Employed - £p.a
7800.2987326637785,205809.48871419183,3620.832031172742,25827.917877870175,28082.429418786098,61782.21088698848,17166.551901939652,46734.81238566666,11704.099419288457,2075.8005654594394,197.34700315956235,54528.15016302229,713.4502888176573,4115.656738622587,0.0,0.0,0.0,372.44741042976216,366.5639315887013,0.0,0.0,0.0,0.0,0.0,0.0,0.0,0.0,0.0,0.0,0.0,197.1140225486103,0.0,219137.2899355093,169342.982994785,148596.97206403228,0.0,0.0,0.0,0.0,0.0,0.0,0.0,507.8768557428201,0.0,0.0,4228.945584404589,0.0,0.0,2385.249318739249,2538.0899821756047,1382.072114039698,1382.072114039698,0.0,380.17424271661275,0.0,0.0,0.0,0.0,0.0,0.0,0.0,0.0,0.0,0.0,0.0,0.0,0.0,0.0,0.0,0.0,0.0,0.0,0.0,0.0,0.0,0.0,0.0,0.0,0.0,0.0,4228.945584404589,0.0,0.0,0.0,0.0,0.0,0.0,233041.23882711632,5789.952406496437,219137.2899355093,233041.23882711632,0.0,0.0,233041.23882711632,6647.406503488377,4228.945584404589,197.1140225486103,100178.61879942661,1,0,Missing_Sex,Missing_Ethnic_Group,false,0,Missing_ILO_Employment,Missing_Tenure_Type,Missing_Standard_Region,0,No_Council,Full_time_Self_Employed - counts
7.70685427614807e7,1.135512019836292e9,4.051199361768054e6,3.384256942470707e8,2.1309097633646103e6,2.3994562551405923e6,1.5510012131030347e7,1.1376923717735946e7,5.720265346365938e7,1.1055112892818628e6,178282.4461078461,6.227166862647082e6,2.5758572429932766e6,7.940914580546835e6,0.0,0.0,0.0,0.0,0.0,0.0,0.0,0.0,0.0,0.0,0.0,0.0,0.0,0.0,0.0,0.0,212138.6578845865,0.0,4.8664866864868253e8,4.341455298686115e7,5.7436036732596025e7,315274.6773649389,0.0,0.0,0.0,0.0,0.0,0.0,0.0,0.0,0.0,9.20076085647087e6,0.0,0.0,8.688592726096962e6,6.373372747381946e6,2.1463950605278425e6,882226.6811203104,0.0,0.0,0.0,0.0,0.0,0.0,0.0,0.0,0.0,0.0,0.0,0.0,0.0,0.0,0.0,0.0,0.0,0.0,0.0,0.0,0.0,0.0,0.0,0.0,0.0,0.0,0.0,0.0,1.2071971807679364e6,0.0,0.0,0.0,0.0,0.0,0.0,5.0820710419428545e8,6.9606808356028665e6,4.8315933950698483e8,5.367056494466513e8,0.0,0.0,5.367056494466513e8,2.8498545252365865e7,1.2071971807679364e6,65217.94207187368,-5.092404480563203e7,1,0,Missing_Sex,Missing_Ethnic_Group,false,0,Missing_ILO_Employment,Missing_Tenure_Type,Missing_Standard_Region,0,No_Council,Part_time_Self_Employed - £p.a
5120.211076783266,76523.96464057096,6727.427730176702,25114.224909230867,16352.390791769894,24008.5617673259,10552.450595503968,23692.619095390666,9403.347939709638,1260.7276402474233,694.2162822708449,24293.147084775675,508.4891947483401,1363.339148020185,0.0,0.0,0.0,0.0,0.0,0.0,0.0,0.0,0.0,0.0,0.0,0.0,0.0,0.0,0.0,0.0,86.50972977848967,0.0,87386.9502567207,35389.534595970086,41384.91938347983,307.17972369623385,0.0,0.0,0.0,0.0,0.0,0.0,0.0,0.0,0.0,2608.464089818358,0.0,0.0,2190.593790016955,2396.2169584023204,459.1022973408287,713.4107634320372,0.0,0.0,0.0,0.0,0.0,0.0,0.0,0.0,0.0,0.0,0.0,0.0,0.0,0.0,0.0,0.0,0.0,0.0,0.0,0.0,0.0,0.0,0.0,0.0,0.0,0.0,0.0,0.0,2608.464089818358,0.0,0.0,0.0,0.0,0.0,0.0,88853.71263199765,3114.60819920439,87386.9502567207,88853.71263199765,0.0,0.0,88853.71263199765,5876.111738294308,2608.464089818358,86.50972977848967,63825.39672604835,1,0,Missing_Sex,Missing_Ethnic_Group,false,0,Missing_ILO_Employment,Missing_Tenure_Type,Missing_Standard_Region,0,No_Council,Part_time_Self_Employed - counts
0.0,0.0,85679.91934067027,6.221800264223963e7,131639.23809642135,285951.04289077094,1.0272031133556064e6,1.0075604001009634e6,2.361931167398937e6,0.0,0.0,1.2659311528448872e6,248216.70305584927,1.1485547588458207e7,0.0,0.0,0.0,564318.0860645702,0.0,0.0,0.0,0.0,0.0,0.0,0.0,0.0,91188.9096229924,0.0,0.0,0.0,0.0,0.0,1.860630145864978e7,0.0,5.075755883310434e7,6.621698670669402e6,0.0,0.0,0.0,0.0,0.0,98094.65272718134,0.0,0.0,0.0,1.3513536198972858e7,0.0,0.0,1.0808985733744336e7,2.8221077978850733e6,4.560593521358938e6,1.3592238381473098e6,0.0,0.0,0.0,0.0,4.869945668298135e7,0.0,0.0,0.0,0.0,0.0,0.0,0.0,0.0,0.0,0.0,0.0,0.0,0.0,0.0,0.0,0.0,0.0,0.0,0.0,0.0,0.0,0.0,0.0,1.773060191009339e6,0.0,0.0,0.0,0.0,0.0,0.0,5.801099816039407e8,0.0,1.8583708166608334e7,6.63745040220767e8,0.0,0.0,6.63745040220767e8,3.483750728111786e7,1.773060191009339e6,0.0,5.94381179929013e8,1,0,Missing_Sex,Missing_Ethnic_Group,false,0,Missing_ILO_Employment,Missing_Tenure_Type,Missing_Standard_Region,0,No_Council,Unemployed - £p.a
0.0,0.0,154.5086943346734,5484.275029999484,2482.9643404900507,13547.711888553025,1128.0583713342498,6512.636906971873,2059.180750919546,0.0,0.0,10569.671074907357,248.74862179841077,4723.633027240301,0.0,0.0,0.0,246.92079938067013,0.0,0.0,0.0,0.0,0.0,0.0,0.0,0.0,336.56507218547455,0.0,0.0,0.0,0.0,0.0,17644.288988858694,0.0,59045.079827638605,10099.607806050153,0.0,0.0,0.0,0.0,0.0,256.2195785594691,0.0,0.0,0.0,3831.1585804004726,0.0,0.0,3307.1639579083726,1589.2769671292936,1606.5512606071302,1099.1335184017846,0.0,0.0,0.0,0.0,733.743458699305,0.0,0.0,0.0,0.0,0.0,0.0,0.0,0.0,0.0,0.0,0.0,0.0,0.0,0.0,0.0,0.0,0.0,0.0,0.0,0.0,0.0,0.0,0.0,3831.1585804004726,0.0,0.0,0.0,0.0,0.0,0.0,120926.78121522813,0.0,17644.288988858694,120926.78121522813,0.0,0.0,120926.78121522813,8278.264298409189,3831.1585804004726,0.0,119906.6419162209,1,0,Missing_Sex,Missing_Ethnic_Group,false,0,Missing_ILO_Employment,Missing_Tenure_Type,Missing_Standard_Region,0,No_Council,Unemployed - counts
1.3831421041874304e8,6.508813857813344e7,2.0309924117315193e6,6.681235136026329e9,2.176568103509832e7,3.1942658855433248e7,1.7508690281803772e8,1.0622033117519927e8,9.481025452674729e7,3.094621764849265e6,3.158078936886948e6,1.5312971416637528e8,1.956170961635898e7,1.2618173542776437e7,4.853277344614826e6,0.0,0.0,0.0,0.0,863001.598201366,0.0,0.0,0.0,0.0,0.0,0.0,2396.2780507136704,0.0,0.0,0.0,0.0,0.0,1.896852606260027e9,265722.4173482703,7.818949813147432e8,1.6808538002114617e6,0.0,0.0,0.0,0.0,0.0,1.8733968999925796e7,2.379236965347474e7,6.251312501184602e6,4.857553623382083e8,1.656864854725406e8,0.0,0.0,2.3242488514940315e8,1.634411377968783e8,1.5630386617772296e8,1.2203787754287103e8,0.0,0.0,0.0,0.0,5.757444393908814e7,0.0,0.0,0.0,0.0,0.0,0.0,0.0,0.0,0.0,0.0,0.0,0.0,0.0,0.0,0.0,0.0,0.0,0.0,0.0,0.0,0.0,0.0,0.0,2.1739099762942724e7,0.0,0.0,0.0,0.0,0.0,0.0,8.321831271554403e9,1.7519887922001433e7,1.8510445456989632e9,9.775572080888641e9,0.0,0.0,9.775572080888641e9,1.3536400267417517e9,2.1739099762942724e7,0.0,7.096558770896524e9,1,0,Missing_Sex,Missing_Ethnic_Group,false,0,Missing_ILO_Employment,Missing_Tenure_Type,Missing_Standard_Region,0,No_Council,Retired - £p.a
3255.6159799217426,3255.6159799217426,1369.7470471919496,627175.0014223595,160520.30894721896,294890.53786242055,101465.66303639617,256304.88992329442,20840.97987137671,2725.7706515282603,3094.955734089749,250103.05852656357,3838.968503402549,1056.3301906512634,1342.0784278781969,0.0,0.0,0.0,0.0,171.58207845347636,0.0,0.0,0.0,0.0,0.0,0.0,176.34809852282612,0.0,0.0,0.0,0.0,0.0,704732.8477617623,71.44927868366459,679603.9416785012,2247.329239225443,0.0,0.0,0.0,0.0,0.0,3172.9997729034985,4276.442973274802,1647.2654068746683,122880.08040408537,46972.9899804294,0.0,0.0,62982.1037726644,57964.07047424618,48109.93525391927,43670.5566166215,0.0,0.0,0.0,0.0,987.5524593502917,0.0,0.0,0.0,0.0,0.0,0.0,0.0,0.0,0.0,0.0,0.0,0.0,0.0,0.0,0.0,0.0,0.0,0.0,0.0,0.0,0.0,0.0,0.0,46972.9899804294,0.0,0.0,0.0,0.0,0.0,0.0,1.0113853617152486e6,3255.6159799217426,703479.8249065746,1.0113853617152486e6,0.0,0.0,1.0113853617152486e6,292219.8878661182,46972.9899804294,0.0,949609.0388585473,1,0,Missing_Sex,Missing_Ethnic_Group,false,0,Missing_ILO_Employment,Missing_Tenure_Type,Missing_Standard_Region,0,No_Council,Retired - counts
0.0,0.0,201923.59132567846,901546.9904827443,198656.14510246407,592449.5446865329,921057.1779603562,417799.49567145616,346410.96288728376,15972.387482871454,4426.362754026489,388940.43692953687,0.0,0.0,0.0,0.0,0.0,0.0,0.0,0.0,0.0,0.0,0.0,0.0,0.0,0.0,0.0,0.0,0.0,0.0,0.0,0.0,468813.51333563786,0.0,1.378309931366331e7,0.0,0.0,0.0,0.0,0.0,0.0,0.0,0.0,0.0,0.0,1.861021537988715e6,0.0,0.0,904063.398728088,2.4035897759503825e6,0.0,0.0,0.0,0.0,0.0,0.0,0.0,0.0,0.0,0.0,0.0,0.0,0.0,0.0,0.0,0.0,0.0,0.0,0.0,0.0,0.0,0.0,0.0,0.0,0.0,0.0,0.0,0.0,0.0,0.0,244177.62716094765,0.0,0.0,0.0,0.0,0.0,0.0,4.1662147363615316e8,0.0,468813.51333563786,4.220343259759813e8,0.0,0.0,4.220343259759813e8,5.412852339828134e6,244177.62716094765,0.0,4.0778241314898235e8,1,0,Missing_Sex,Missing_Ethnic_Group,false,0,Missing_ILO_Employment,Missing_Tenure_Type,Missing_Standard_Region,0,No_Council,Student - £p.a
0.0,0.0,2012.37638818524,1121.017378711079,1379.5915611851387,22507.329978597943,1289.2231318723318,3751.503128571337,531.5647318635652,342.7790064426349,44.84069514844316,8253.53910801322,0.0,0.0,0.0,0.0,0.0,0.0,0.0,0.0,0.0,0.0,0.0,0.0,0.0,0.0,0.0,0.0,0.0,0.0,0.0,0.0,6909.035184062002,0.0,13153.203504822031,0.0,0.0,0.0,0.0,0.0,0.0,0.0,0.0,0.0,0.0,527.6093931740442,0.0,0.0,266.6508373063536,769.7397543200499,0.0,0.0,0.0,0.0,0.0,0.0,0.0,0.0,0.0,0.0,0.0,0.0,0.0,0.0,0.0,0.0,0.0,0.0,0.0,0.0,0.0,0.0,0.0,0.0,0.0,0.0,0.0,0.0,0.0,0.0,527.6093931740442,0.0,0.0,0.0,0.0,0.0,0.0,86857.21509389818,0.0,6909.035184062002,86857.21509389818,0.0,0.0,86857.21509389818,1510.39559580379,527.6093931740442,0.0,86857.21509389818,1,0,Missing_Sex,Missing_Ethnic_Group,false,0,Missing_ILO_Employment,Missing_Tenure_Type,Missing_Standard_Region,0,No_Council,Student - counts
0.0,0.0,0.0,2.659564725035501e7,163271.86806675605,890553.9120428496,341250.63308542885,1.7273825626776712e6,2.296600604032295e6,0.0,6804.2902730762,534598.8338277262,0.0,0.0,0.0,0.0,0.0,0.0,0.0,0.0,0.0,0.0,0.0,0.0,0.0,0.0,236931.9820844017,0.0,0.0,0.0,0.0,0.0,7.235657008755944e6,0.0,2.009989397120706e7,3.3340477744467794e6,0.0,0.0,0.0,0.0,0.0,0.0,0.0,0.0,0.0,1.7227872921459742e7,0.0,0.0,7.399843576722826e6,3.634970929085834e6,8.572442454801764e6,2.975024504316533e6,0.0,16723.919415293196,0.0,2.0075293375833955e7,1.567798279979623e7,0.0,0.0,0.0,0.0,0.0,0.0,0.0,0.0,0.0,0.0,0.0,0.0,0.0,0.0,0.0,0.0,0.0,0.0,0.0,0.0,0.0,0.0,0.0,2.260404323712825e6,0.0,0.0,0.0,0.0,0.0,0.0,2.8635874262965655e8,0.0,7.235657008755944e6,3.6419930143480164e8,0.0,0.0,3.6419930143480164e8,4.207055871009953e7,2.260404323712825e6,0.0,3.3686375045483863e8,1,0,Missing_Sex,Missing_Ethnic_Group,false,0,Missing_ILO_Employment,Missing_Tenure_Type,Missing_Standard_Region,0,No_Council,Looking_after_family_or_home - £p.a
0.0,0.0,0.0,2712.13978185181,1796.1359878158962,9516.222114258811,1763.6661699341394,5280.067368179928,1051.9626108321702,0.0,128.4853075694819,6970.113675969935,0.0,0.0,0.0,0.0,0.0,0.0,0.0,0.0,0.0,0.0,0.0,0.0,0.0,0.0,285.3952167398151,0.0,0.0,0.0,0.0,0.0,8240.500246729564,0.0,20953.51792291327,3202.7427373213327,0.0,0.0,0.0,0.0,0.0,0.0,0.0,0.0,0.0,4884.192575006104,0.0,0.0,2071.872622550565,1656.6677309372853,1975.1777958985174,1405.6439849751537,0.0,151.57059196400456,0.0,769.4842087930879,300.46784284345955,0.0,0.0,0.0,0.0,0.0,0.0,0.0,0.0,0.0,0.0,0.0,0.0,0.0,0.0,0.0,0.0,0.0,0.0,0.0,0.0,0.0,0.0,0.0,4884.192575006104,0.0,0.0,0.0,0.0,0.0,0.0,58886.24882337815,0.0,8240.500246729564,58886.24882337815,0.0,0.0,58886.24882337815,6989.293758786433,4884.192575006104,0.0,58423.662086879805,1,0,Missing_Sex,Missing_Ethnic_Group,false,0,Missing_ILO_Employment,Missing_Tenure_Type,Missing_Standard_Region,0,No_Council,Looking_after_family_or_home - counts
0.0,0.0,9073.43233673912,1.8973991464931145e8,304807.3266880611,1.2756063171857106e6,4.86155337807034e6,1.8712796266018823e6,1.263237826006197e6,821.4284077568778,0.0,5.668431714582963e6,2.950671239921796e6,4.551990946790429e6,1.1764761112611897e6,484995.54723267374,0.0,0.0,4.408555037283081e6,1.753218729283955e6,2.396460443014197e7,0.0,0.0,0.0,0.0,0.0,9724.49232560067,0.0,0.0,0.0,0.0,0.0,6.122414916120363e7,0.0,1.4806347898046374e8,1.901558575830759e7,0.0,0.0,0.0,0.0,0.0,4.374437744226595e6,1.692138718057794e6,2.055407186640273e7,1.2471676980122756e6,8.823398343075465e7,0.0,0.0,5.410285363535016e8,2.737659018685756e8,1.72851091594923e8,1.2052724769412659e8,0.0,0.0,0.0,2.391807563913709e6,4.355257934836839e7,0.0,0.0,0.0,0.0,0.0,0.0,0.0,0.0,0.0,0.0,0.0,0.0,0.0,0.0,0.0,0.0,0.0,0.0,0.0,0.0,0.0,0.0,0.0,1.15768486657948e7,0.0,0.0,0.0,0.0,0.0,0.0,1.492391075930856e9,0.0,6.062707071645202e7,2.7741868884775133e9,0.0,0.0,2.7741868884775133e9,1.229784849172091e9,1.15768486657948e7,0.0,2.5648992603358464e9,1,0,Missing_Sex,Missing_Ethnic_Group,false,0,Missing_ILO_Employment,Missing_Tenure_Type,Missing_Standard_Region,0,No_Council,Permanently_sick_or_disabled - £p.a
0.0,0.0,44.84069514844316,31046.305428912034,5760.914565038674,26323.17626599208,2588.888619103211,11259.962152393335,463.84582724503275,270.5089008042696,0.0,14304.970465381437,329.5188825813454,4397.11871908297,52.472000727024735,189.69220582093428,0.0,0.0,163.46978654870597,414.68388089776084,272.2682772757312,0.0,0.0,0.0,0.0,0.0,170.0762278536198,0.0,0.0,0.0,0.0,0.0,47318.04003679019,0.0,174604.83586283185,25095.51315555725,0.0,0.0,0.0,0.0,0.0,919.5526637878863,658.9590996019206,4726.075927116114,266.76242685067496,25014.798327127915,0.0,0.0,141704.96033565153,112224.72146349211,53340.62919982519,48813.81868299938,0.0,0.0,0.0,91.67777110141527,674.3167327328631,0.0,0.0,0.0,0.0,0.0,0.0,0.0,0.0,0.0,0.0,0.0,0.0,0.0,0.0,0.0,0.0,0.0,0.0,0.0,0.0,0.0,0.0,0.0,25014.798327127915,0.0,0.0,0.0,0.0,0.0,0.0,300927.75575049536,0.0,46584.62395666122,300927.75575049536,0.0,0.0,300927.75575049536,221678.76869605976,25014.798327127915,0.0,299568.2690209342,1,0,Missing_Sex,Missing_Ethnic_Group,false,0,Missing_ILO_Employment,Missing_Tenure_Type,Missing_Standard_Region,0,No_Council,Permanently_sick_or_disabled - counts
0.0,0.0,0.0,1.3667288133770986e7,0.0,126500.58052938628,0.0,965457.4264353712,784118.6684858843,0.0,0.0,16438.397749769647,0.0,310813.8744015987,0.0,0.0,0.0,0.0,0.0,0.0,0.0,0.0,0.0,0.0,0.0,0.0,0.0,0.0,0.0,0.0,0.0,0.0,3.9612333680347167e6,0.0,6.025085339028708e6,435843.5136949969,0.0,0.0,0.0,0.0,0.0,0.0,0.0,0.0,0.0,3.3514928556837616e6,0.0,0.0,6.367582961672943e6,2.4636439753577444e6,1.1475610102496285e6,1.2098215242920294e6,0.0,0.0,0.0,0.0,1.8319923166003406e7,0.0,0.0,0.0,0.0,0.0,0.0,0.0,0.0,0.0,0.0,0.0,0.0,0.0,0.0,0.0,0.0,0.0,0.0,0.0,0.0,0.0,0.0,0.0,439736.7554553749,0.0,0.0,0.0,0.0,0.0,0.0,5.552870775282288e7,0.0,3.9612333680347167e6,8.882847000153777e7,0.0,0.0,8.882847000153777e7,1.497983908271148e7,439736.7554553749,0.0,7.884215129447435e7,1,0,Missing_Sex,Missing_Ethnic_Group,false,0,Missing_ILO_Employment,Missing_Tenure_Type,Missing_Standard_Region,0,No_Council,Temporarily_sick_or_injured - £p.a
0.0,0.0,0.0,843.2727508534481,0.0,1285.8992258759129,0.0,572.7717258546887,348.1064912841455,0.0,0.0,582.210261792926,0.0,577.8748582046286,0.0,0.0,0.0,0.0,0.0,0.0,0.0,0.0,0.0,0.0,0.0,0.0,0.0,0.0,0.0,0.0,0.0,0.0,2064.239136863907,0.0,6583.429808505413,1068.1513010362958,0.0,0.0,0.0,0.0,0.0,0.0,0.0,0.0,0.0,950.1658501628672,0.0,0.0,1564.0707816933152,952.3715292100562,366.5492617726397,681.2410707461305,0.0,0.0,0.0,0.0,319.1822840197221,0.0,0.0,0.0,0.0,0.0,0.0,0.0,0.0,0.0,0.0,0.0,0.0,0.0,0.0,0.0,0.0,0.0,0.0,0.0,0.0,0.0,0.0,0.0,950.1658501628672,0.0,0.0,0.0,0.0,0.0,0.0,11143.852578882765,0.0,2064.239136863907,11143.852578882765,0.0,0.0,11143.852578882765,3195.4777026023125,950.1658501628672,0.0,10761.325341034695,1,0,Missing_Sex,Missing_Ethnic_Group,false,0,Missing_ILO_Employment,Missing_Tenure_Type,Missing_Standard_Region,0,No_Council,Temporarily_sick_or_injured - counts
0.0,0.0,219517.87659862184,1.568834535459361e8,736852.6874725708,1.2582831071388968e6,2.3929729965613703e6,2.784625438781664e6,1.3496816834056295e7,0.0,88339.42344807852,9.441824225661162e6,4.291793858152773e6,4.958442264847118e6,0.0,0.0,0.0,0.0,0.0,0.0,0.0,0.0,0.0,0.0,0.0,0.0,0.0,0.0,0.0,0.0,0.0,0.0,4.672063539175811e7,0.0,6.233045802142565e7,5.840345071480273e6,0.0,0.0,0.0,0.0,0.0,956190.6003336414,0.0,1.6566485213499018e6,3.7947205745469113e6,1.2893564013999958e8,0.0,0.0,3.448530049274234e7,1.3180435788788669e7,2.4427131182075903e7,1.2555417505111372e7,0.0,59763.8769901676,0.0,9.9960415629159e6,1.2067988824426815e7,0.0,0.0,0.0,0.0,0.0,0.0,0.0,0.0,0.0,0.0,0.0,0.0,0.0,0.0,0.0,0.0,0.0,0.0,0.0,0.0,0.0,0.0,0.0,1.6917159755113937e7,0.0,0.0,0.0,0.0,0.0,0.0,7.194129977637837e8,0.0,4.53871581774576e7,9.784454365881789e8,0.0,0.0,9.784454365881789e8,2.3595245395972863e8,1.6917159755113937e7,0.0,8.693943431749951e8,1,0,Missing_Sex,Missing_Ethnic_Group,false,0,Missing_ILO_Employment,Missing_Tenure_Type,Missing_Standard_Region,0,No_Council,Other_Inactive - £p.a
0.0,0.0,588.8523323992927,16074.70839941665,9195.812559109261,20109.16168101522,3152.3336827905273,11008.738084283636,2866.5232601917824,0.0,87.27455777975202,15664.105216802087,679.2071279156299,1928.406329998631,0.0,0.0,0.0,0.0,0.0,0.0,0.0,0.0,0.0,0.0,0.0,0.0,0.0,0.0,0.0,0.0,0.0,0.0,32890.33241668968,0.0,60424.51229670891,7966.45769983204,0.0,0.0,0.0,0.0,0.0,494.2287907911128,0.0,388.84991068283426,1045.1571690639505,36553.93205512951,0.0,0.0,9523.54487362835,6032.275750187717,7070.311429151403,6929.29028844774,0.0,528.9421997810405,0.0,383.147383657283,265.5772577671075,0.0,0.0,0.0,0.0,0.0,0.0,0.0,0.0,0.0,0.0,0.0,0.0,0.0,0.0,0.0,0.0,0.0,0.0,0.0,0.0,0.0,0.0,0.0,36553.93205512951,0.0,0.0,0.0,0.0,0.0,0.0,141629.5459787964,0.0,32890.33241668968,141629.5459787964,0.0,0.0,141629.5459787964,49448.51719869602,36553.93205512951,0.0,139909.47598507637,1,0,Missing_Sex,Missing_Ethnic_Group,false,0,Missing_ILO_Employment,Missing_Tenure_Type,Missing_Standard_Region,0,No_Council,Other_Inactive - counts
0.0,0.0,0.0,0.0,0.0,0.0,0.0,0.0,0.0,0.0,0.0,0.0,0.0,0.0,0.0,0.0,0.0,0.0,0.0,0.0,0.0,0.0,0.0,0.0,0.0,0.0,0.0,0.0,0.0,0.0,0.0,0.0,0.0,0.0,0.0,0.0,0.0,0.0,0.0,0.0,0.0,0.0,0.0,0.0,0.0,0.0,0.0,0.0,0.0,0.0,0.0,0.0,0.0,0.0,0.0,0.0,0.0,0.0,0.0,0.0,0.0,0.0,0.0,0.0,0.0,0.0,0.0,0.0,0.0,0.0,0.0,0.0,0.0,0.0,0.0,0.0,0.0,0.0,0.0,0.0,0.0,0.0,0.0,0.0,0.0,0.0,0.0,0.0,0.0,0.0,0.0,0.0,0.0,0.0,0.0,0.0,0.0,0.0,1,0,Missing_Sex,Missing_Ethnic_Group,false,0,Missing_ILO_Employment,Missing_Tenure_Type,Missing_Standard_Region,0,No_Council,Missing_Tenure_Type - £p.a
0.0,0.0,0.0,0.0,0.0,0.0,0.0,0.0,0.0,0.0,0.0,0.0,0.0,0.0,0.0,0.0,0.0,0.0,0.0,0.0,0.0,0.0,0.0,0.0,0.0,0.0,0.0,0.0,0.0,0.0,0.0,0.0,0.0,0.0,0.0,0.0,0.0,0.0,0.0,0.0,0.0,0.0,0.0,0.0,0.0,0.0,0.0,0.0,0.0,0.0,0.0,0.0,0.0,0.0,0.0,0.0,0.0,0.0,0.0,0.0,0.0,0.0,0.0,0.0,0.0,0.0,0.0,0.0,0.0,0.0,0.0,0.0,0.0,0.0,0.0,0.0,0.0,0.0,0.0,0.0,0.0,0.0,0.0,0.0,0.0,0.0,0.0,0.0,0.0,0.0,0.0,0.0,0.0,0.0,0.0,0.0,0.0,0.0,1,0,Missing_Sex,Missing_Ethnic_Group,false,0,Missing_ILO_Employment,Missing_Tenure_Type,Missing_Standard_Region,0,No_Council,Missing_Tenure_Type - counts
3.3198101923527637e9,1.6000917083181226e8,1.7886808201865503e6,2.5706337157379436e8,353890.4993374647,1.7972715884298119e6,4.641533549240183e6,2.1403645141955237e6,45816.91172792374,29425.258721142018,0.0,1.7037696488555606e7,9.134468125031162e6,1.7622961313737493e7,0.0,0.0,0.0,0.0,0.0,0.0,2.1972919733322237e7,580384.2763109965,0.0,0.0,0.0,0.0,0.0,0.0,0.0,0.0,2.432729572882547e6,625503.1172161308,9.466114742821437e8,2.0998320978774184e8,2.541524857342458e8,1.2546926156911395e7,0.0,0.0,0.0,0.0,0.0,5.210504644517035e6,1.0548715065778522e6,7.674413674108542e6,7.379770340654409e7,9.166600259743457e7,0.0,0.0,2.372861852955828e8,1.3150001950381891e8,1.0247378990442935e8,7.266930144676718e7,0.0,16723.919415293196,0.0,1.1799209577889595e7,4.131089815122169e7,0.0,0.0,837773.4849378605,0.0,0.0,0.0,0.0,0.0,0.0,0.0,0.0,0.0,0.0,0.0,0.0,1.8288071381769795e7,0.0,0.0,0.0,0.0,0.0,0.0,0.0,1.2027150975243878e7,0.0,0.0,0.0,0.0,0.0,0.0,3.1399754805333147e9,2.821999085714702e8,9.45161687246386e8,3.9475881000035734e9,0.0,1.8288071381769795e7,3.929300028621804e9,7.290945668039293e8,1.2027150975243878e7,940194.7029083081,2.534960540793626e9,1,0,Missing_Sex,Missing_Ethnic_Group,false,0,Missing_ILO_Employment,Missing_Tenure_Type,Missing_Standard_Region,0,No_Council,Council_Rented - £p.a
178893.8001241642,10017.17503439447,2669.7718055678743,58139.74710639326,6226.127331120857,54615.203560202215,2979.98234582958,20090.74104732075,110.19622941163821,293.3618590640121,0.0,167217.087584112,4795.97810633716,9622.189652803605,0.0,0.0,0.0,0.0,0.0,0.0,70.18500485204456,695.1899271350061,0.0,0.0,0.0,0.0,0.0,0.0,0.0,0.0,4018.3799365314558,253.74180753170995,257186.64099309914,144634.95044204092,316679.9015069215,17367.691819559368,0.0,0.0,0.0,0.0,0.0,1418.8997433258605,330.00239341281474,2009.0809432937417,18450.66728987154,25987.793809947878,0.0,0.0,63626.34120067353,50258.13599452524,32648.933694234813,29134.322479157127,0.0,151.57059196400456,0.0,452.2626532250632,707.7836029827506,0.0,0.0,345.2879906715844,0.0,0.0,0.0,0.0,0.0,0.0,0.0,0.0,0.0,0.0,0.0,0.0,33829.1724752937,0.0,0.0,0.0,0.0,0.0,0.0,0.0,25987.793809947878,0.0,0.0,0.0,0.0,0.0,0.0,616732.1840809209,137244.6138029165,257186.64099309914,616732.1840809209,0.0,33829.1724752937,616732.1840809209,145325.31274504028,25987.793809947878,4018.3799365314558,506879.7961676057,1,0,Missing_Sex,Missing_Ethnic_Group,false,0,Missing_ILO_Employment,Missing_Tenure_Type,Missing_Standard_Region,0,No_Council,Council_Rented - counts
2.7387499723724413e9,2.816393348060497e8,103000.26581654404,2.2993745344656813e8,264507.7741687097,1.6062695561322076e6,1.3534917259152795e6,1.4345297559191072e6,85796.85820269585,821.4284077568778,0.0,1.407778272063765e7,1.1931834773155525e7,1.8935846645195533e7,0.0,0.0,0.0,0.0,0.0,0.0,0.0,0.0,0.0,0.0,0.0,0.0,0.0,0.0,0.0,0.0,942900.1142207512,260704.59526609143,8.174662349500482e8,1.7835466993295255e8,2.464479230414955e8,1.2816463157808272e7,0.0,0.0,0.0,0.0,0.0,3.274307430686678e6,631245.5115572677,8.912914508238146e6,6.294985998914544e7,8.649874123462354e7,0.0,0.0,2.0895035744689125e8,1.0552862504371607e8,1.1631144541254187e8,7.353537713416207e7,0.0,13781.071718576315,0.0,2.486528616757494e7,3.8717813522084996e7,0.0,0.0,0.0,0.0,0.0,0.0,0.0,0.0,0.0,0.0,0.0,0.0,0.0,0.0,0.0,1.5591343108127885e7,0.0,0.0,0.0,0.0,0.0,0.0,0.0,1.1349174072378345e7,0.0,0.0,0.0,0.0,0.0,0.0,2.727710772397525e9,2.342662613562439e8,8.174116609264455e8,3.484841044050972e9,0.0,1.5591343108127885e7,3.4692497009428444e9,6.740364948416966e8,1.1349174072378345e7,370025.07229706884,2.241832165981881e9,1,0,Missing_Sex,Missing_Ethnic_Group,false,0,Missing_ILO_Employment,Missing_Tenure_Type,Missing_Standard_Region,0,No_Council,Housing_Association - £p.a
148946.9017261032,16747.96860223826,556.0183005131653,47924.330254014676,6450.784148866569,40270.082921147776,1626.463994262066,15176.53689874494,255.74312703715395,270.5089008042696,0.0,157158.3291388904,6025.758346310886,9615.59981939513,0.0,0.0,0.0,0.0,0.0,0.0,0.0,0.0,0.0,0.0,0.0,0.0,0.0,0.0,0.0,0.0,2442.4479444263607,1219.184928336195,223962.985885949,125454.02888543194,282386.7219756292,17261.784460038936,0.0,0.0,0.0,0.0,0.0,1532.3040402868637,255.13389291421996,2057.7992751479587,16627.56762804398,24522.848038846896,0.0,0.0,57403.609441885725,45292.3370321877,34455.90165141261,31370.994195880237,0.0,123.10987462027815,0.0,1074.1532840786556,661.3797249131823,0.0,0.0,0.0,0.0,0.0,0.0,0.0,0.0,0.0,0.0,0.0,0.0,0.0,0.0,0.0,29812.873466670855,0.0,0.0,0.0,0.0,0.0,0.0,0.0,24522.848038846896,0.0,0.0,0.0,0.0,0.0,0.0,542142.6586021105,110524.72317547326,223962.985885949,542142.6586021105,0.0,29812.873466670855,542142.6586021105,134142.42407731566,24522.848038846896,2442.4479444263607,449191.8817244416,1,0,Missing_Sex,Missing_Ethnic_Group,false,0,Missing_ILO_Employment,Missing_Tenure_Type,Missing_Standard_Region,0,No_Council,Housing_Association - counts
5.7681528811788845e9,5.751667775528605e8,680388.7676506131,2.1896358067367643e8,715543.7428566932,3.1923310365116317e6,7.594385887106661e6,6.291179600600371e6,7.188929487628462e6,1.3949437374027984e6,0.0,1.7267030106146358e7,2.7017852450143383e6,3.431069615442079e7,0.0,484995.54723267374,0.0,1.931443751315721e6,994592.6789520291,0.0,1.9916846968197334e6,0.0,0.0,0.0,0.0,0.0,0.0,0.0,0.0,0.0,6.936724383901605e6,315007.7269329774,1.801315357229834e9,4.31561828366695e8,2.480603494492963e8,8.205429886021453e6,0.0,0.0,0.0,0.0,0.0,3.537341919507473e6,1.0438612495111707e6,0.0,1.5419543554713622e7,4.447789959841727e7,0.0,0.0,8.66009251519723e7,4.403939455990192e7,7.591655289848767e6,5.932991071091117e6,0.0,0.0,0.0,7.138730987319709e6,8.895062207063463e7,0.0,0.0,0.0,0.0,0.0,0.0,0.0,0.0,0.0,0.0,0.0,0.0,0.0,0.0,0.0,1.6174041010032201e7,0.0,0.0,0.0,0.0,0.0,0.0,0.0,5.835777697007099e6,0.0,0.0,0.0,0.0,0.0,0.0,2.354453108690983e9,6.018251642459154e8,1.800095681222291e9,2.6811958928509398e9,0.0,1.6174041010032201e7,2.665021851840908e9,2.0989818692295212e8,5.835777697007099e6,2.229405283512539e6,1.9579954723808953e8,1,0,Missing_Sex,Missing_Ethnic_Group,false,0,Missing_ILO_Employment,Missing_Tenure_Type,Missing_Standard_Region,0,No_Council,Private_Rented_Unfurnished - £p.a
231471.69662888214,31072.56291292759,3484.8988857239983,29831.404159825197,12612.458830384981,65805.2598464159,8685.48803528363,38426.827217695696,4647.452811757386,1909.9339163751356,0.0,196066.93142336272,1232.003284007389,11064.691322693445,0.0,189.69220582093428,0.0,514.1115772762205,366.5639315887013,0.0,202.08327242368665,0.0,0.0,0.0,0.0,0.0,0.0,0.0,0.0,0.0,5556.534095351614,1061.6914980667007,281751.3629346506,215185.76588391967,240854.57327285522,10641.304371889582,0.0,0.0,0.0,0.0,0.0,1329.0581659030624,519.5633248343634,0.0,4032.0707107815956,12609.718446428476,0.0,0.0,23446.836324108866,20178.743944021517,2772.254378338077,2425.909776351479,0.0,0.0,0.0,273.6269235386062,1376.2421130692599,0.0,0.0,0.0,0.0,0.0,0.0,0.0,0.0,0.0,0.0,0.0,0.0,0.0,0.0,0.0,30831.660209635942,0.0,0.0,0.0,0.0,0.0,0.0,0.0,12609.718446428476,0.0,0.0,0.0,0.0,0.0,0.0,516941.54145390267,197959.1384876686,281573.81551892194,516941.54145390267,0.0,30831.660209635942,516941.54145390267,42531.26804056896,12609.718446428476,5556.534095351614,333248.55024171504,1,0,Missing_Sex,Missing_Ethnic_Group,false,0,Missing_ILO_Employment,Missing_Tenure_Type,Missing_Standard_Region,0,No_Council,Private_Rented_Unfurnished - counts
3.032268922763875e9,2.6856741930641496e8,1.2790006373688176e6,5.555339684386847e7,601792.9845960328,2.0317358181595267e6,7.802977543775998e6,5.917410526924027e6,2.0484078006388822e6,930277.03964195,4426.362754026489,4.260063094125289e6,2.950671239921796e6,8.848403415242812e6,1.0739420114491093e6,0.0,0.0,0.0,0.0,0.0,0.0,0.0,0.0,0.0,0.0,0.0,0.0,0.0,0.0,0.0,5.517838420235392e6,0.0,9.86248842886567e8,2.2979754782293123e8,1.0144784920630595e8,855602.6432118926,79751.35068120567,0.0,0.0,0.0,0.0,0.0,0.0,0.0,0.0,2.162488480178983e6,0.0,0.0,9.479788058929222e6,7.309747119137224e6,1.0177272895457696e6,390238.1996786397,0.0,0.0,0.0,0.0,0.0,0.0,0.0,0.0,0.0,0.0,0.0,0.0,0.0,0.0,0.0,0.0,0.0,0.0,0.0,0.0,1.9776085548203662e6,0.0,0.0,0.0,0.0,0.0,0.0,0.0,283731.9692837375,0.0,0.0,0.0,0.0,0.0,0.0,8.990201427857665e8,3.349569276401824e8,9.846010917219259e8,9.216414724573404e8,0.0,1.9776085548203662e6,9.196638639025201e8,2.064372111675358e7,283731.9692837375,1.696353083598054e6,-3.9924547362565976e8,1,0,Missing_Sex,Missing_Ethnic_Group,false,0,Missing_ILO_Employment,Missing_Tenure_Type,Missing_Standard_Region,0,No_Council,Private_Rented_Furnished - £p.a
108086.91867797593,9446.59002308801,2891.4460814898484,6884.2087803847635,7882.307723739146,57970.927481314706,6376.663468837496,23405.155618544035,882.5795530935648,306.35441527061283,44.84069514844316,44242.40895686137,329.5188825813454,3255.2927939433735,447.16955758464894,0.0,0.0,0.0,0.0,0.0,0.0,0.0,0.0,0.0,0.0,0.0,0.0,0.0,0.0,0.0,1396.2991405102146,0.0,129000.00427567448,95090.1065075797,91962.51223721927,1580.1820780194316,300.1930176642189,0.0,0.0,0.0,0.0,0.0,0.0,0.0,0.0,613.0768567064335,0.0,0.0,2748.599583464574,3472.8300449442677,822.9830474844277,315.56530527908205,0.0,0.0,0.0,0.0,0.0,0.0,0.0,0.0,0.0,0.0,0.0,0.0,0.0,0.0,0.0,0.0,0.0,0.0,0.0,0.0,3976.92337813014,0.0,0.0,0.0,0.0,0.0,0.0,0.0,613.0768567064335,0.0,0.0,0.0,0.0,0.0,0.0,190223.74215283792,88760.93154611146,129000.00427567448,190223.74215283792,0.0,3976.92337813014,190223.74215283792,4864.0492539866855,613.0768567064335,1396.2991405102146,106152.28847099846,1,0,Missing_Sex,Missing_Ethnic_Group,false,0,Missing_ILO_Employment,Missing_Tenure_Type,Missing_Standard_Region,0,No_Council,Private_Rented_Furnished - counts
3.8285332973265045e10,3.3715562417762704e9,4.880731505712363e6,7.383308795022652e8,4.6352910889926e6,2.1997883496790007e7,9.927493421961573e7,3.870117042217627e7,1.8129056903788766e8,6.752698216378011e6,182952.10597500022,7.543680087407364e7,1.8194906836154263e7,7.759541327553357e7,2.2697392469325066e6,3589.71263616779,0.0,3.370788232062891e6,0.0,1.0193660107965508e7,998495.796958726,33428.55210459589,0.0,0.0,78293.61910030179,0.0,379360.25216457964,0.0,78293.61910030179,0.0,3.161275370516486e8,8.790975608470302e6,1.296078364015512e10,2.983592900868946e9,9.562207489827434e8,1.3166385108657312e6,0.0,0.0,0.0,0.0,0.0,341252.90734460537,0.0,2.4764157508828053e6,2.781299653479932e7,7.076928844827226e7,0.0,0.0,1.465790849379778e8,8.305835248910248e7,7.097287462838194e7,4.413547527748574e7,0.0,226139.80344140006,0.0,8.175766142040443e6,2.690432017604561e7,0.0,0.0,61585.39196712243,0.0,0.0,0.0,0.0,0.0,0.0,0.0,0.0,0.0,0.0,0.0,0.0,2.443533729777854e7,0.0,0.0,0.0,0.0,0.0,0.0,0.0,9.285371811356526e6,0.0,0.0,0.0,0.0,0.0,0.0,8.490416085862005e9,4.583276650521471e9,1.2942492765898766e10,9.005650347458881e9,0.0,2.443533729777854e7,8.981215010161102e9,4.550898598782588e8,9.285371811356526e6,6.693081060460946e7,-8.028808563757151e9,1,0,Missing_Sex,Missing_Ethnic_Group,false,0,Missing_ILO_Employment,Missing_Tenure_Type,Missing_Standard_Region,0,No_Council,Mortgaged_Or_Shared - £p.a
1.085813368099669e6,123060.04702779157,6500.632589708235,83542.00312342751,75337.82123248505,364324.58646545414,70581.92028647682,249798.08396677475,40949.371859208244,5090.450738230197,510.59575454591425,835256.3294799312,8461.078455697712,23205.72131178256,585.5636340385113,44.84069514844316,0.0,856.8118595164999,0.0,1291.2571370803944,309.4851361153303,111.6573129851883,0.0,0.0,465.2679081630605,0.0,728.3049242558137,0.0,465.2679081630605,0.0,55475.227806460156,6464.9456442925875,1.2635528747384064e6,1.0718063011790086e6,696435.994430011,2171.104115283131,0.0,0.0,0.0,0.0,0.0,97.26624124631017,0.0,594.4088973553341,7113.755866484027,20063.465452369328,0.0,0.0,38632.32640153827,32941.794781395234,20760.91627021515,17999.20114939234,0.0,1332.6626083938772,0.0,313.37638874350773,368.30007085620275,0.0,0.0,118.02812971111759,0.0,0.0,0.0,0.0,0.0,0.0,0.0,0.0,0.0,0.0,0.0,0.0,51310.88272408976,0.0,0.0,0.0,0.0,0.0,0.0,0.0,20063.465452369328,0.0,0.0,0.0,0.0,0.0,0.0,1.8973168407405978e6,974681.3629065356,1.2635528747384064e6,1.8973168407405978e6,0.0,51310.88272408976,1.8973168407405978e6,83475.1377803489,20063.465452369328,55475.227806460156,949701.8106099847,1,0,Missing_Sex,Missing_Ethnic_Group,false,0,Missing_ILO_Employment,Missing_Tenure_Type,Missing_Standard_Region,0,No_Council,Mortgaged_Or_Shared - counts
1.7146421121129974e10,3.4287736385383554e9,1.238953075547738e7,7.272643535174385e9,3.4000740400676884e7,4.936328831124328e7,3.5371942849670637e8,1.7201821604124278e8,2.941828944960687e8,5.752076190825352e6,8.074344207443671e6,2.6144965541898316e8,3.0166233447048806e7,2.5612135856827732e7,1.0304498172472868e7,0.0,0.0,0.0,4.890423179083436e6,7.482067652411772e6,460358.87049188156,2.773547220972554e6,0.0,0.0,0.0,0.0,12120.77037631434,0.0,0.0,0.0,1.4671040401275846e8,4.236433845466162e6,8.598628370832653e9,1.2160224890156245e9,1.147858526996758e9,1.8258524672980532e6,0.0,0.0,0.0,0.0,0.0,1.8711291627216198e7,3.0840802232796233e7,8.3884785223234e6,2.9164046889449525e8,1.9517047348736188e8,0.0,0.0,2.5444890432389173e8,1.4893805706367284e8,1.1046639468350892e8,8.895946790200076e7,0.0,35066.72227414009,0.0,0.0,2.3960220641072582e7,0.0,0.0,0.0,0.0,0.0,0.0,0.0,0.0,0.0,0.0,0.0,0.0,0.0,0.0,0.0,4.0897702706366866e6,0.0,0.0,0.0,0.0,0.0,0.0,0.0,2.5607582790001884e7,0.0,0.0,0.0,0.0,0.0,0.0,1.0411647840603321e10,1.9711821148623152e9,8.496595580000401e9,1.1612904819764572e10,0.0,4.0897702706366866e6,1.1608815049493935e10,1.1236198276672566e9,2.5607582790001884e7,3.82734897567506e7,5.738484534060345e8,1,0,Missing_Sex,Missing_Ethnic_Group,false,0,Missing_ILO_Employment,Missing_Tenure_Type,Missing_Standard_Region,0,No_Council,Owned_outright - £p.a
551529.7959374543,130156.52096810719,10383.283652714961,622543.1488453707,253829.02721768434,477103.40054587193,173812.8323069861,442960.2557930848,55393.188741433085,4896.378280450106,5362.688304766657,541904.6223747134,7362.384955697453,5244.766830439228,2065.232072959417,0.0,0.0,0.0,348.1694165337839,1247.2098083046799,191.68490500734856,340.2974592602958,0.0,0.0,0.0,0.0,346.42432637644595,0.0,0.0,0.0,41781.9490532334,5401.051616067329,1.2769554749448989e6,508918.5798309929,850197.0541152067,1631.4247186267655,0.0,0.0,0.0,0.0,0.0,2676.461073629995,4601.337645977415,1861.5332726085715,72672.39784746211,55331.85563958921,0.0,0.0,65066.49717111447,55828.610147735686,36122.65957316698,33664.252525172094,0.0,380.17424271661275,0.0,0.0,396.6492376266258,0.0,0.0,0.0,0.0,0.0,0.0,0.0,0.0,0.0,0.0,0.0,0.0,0.0,0.0,0.0,7045.169160125008,0.0,0.0,0.0,0.0,0.0,0.0,0.0,55331.85563958921,0.0,0.0,0.0,0.0,0.0,0.0,1.643911937478731e6,452226.3380961059,1.275146583425311e6,1.643911937478731e6,0.0,7045.169160125008,1.643911937478731e6,236686.54358432215,55331.85563958921,41781.9490532334,1.1337998465435673e6,1,0,Missing_Sex,Missing_Ethnic_Group,false,0,Missing_ILO_Employment,Missing_Tenure_Type,Missing_Standard_Region,0,No_Council,Owned_outright - counts
4.3383368001606035e8,8.508251016527161e7,533161.995998819,1.1092195149534266e8,262157.6264204534,748958.047430942,1.551390912778343e6,3.8897811888143867e6,4.732365074892316e6,57162.14642477559,0.0,4.457981489420236e6,856683.1840077215,1.5925066683701414e6,0.0,0.0,0.0,0.0,0.0,0.0,0.0,0.0,0.0,0.0,0.0,0.0,0.0,0.0,0.0,0.0,7.065132255460586e6,0.0,1.6893060212764588e8,3.4386909440795854e7,3.239706481776417e7,0.0,0.0,0.0,0.0,0.0,0.0,0.0,1.3689292968874201e6,1.0098104333843399e6,1.9176678231069755e7,4.205817244057958e6,0.0,0.0,1.9942915947507042e6,574025.098140452,2.3765964707029676e6,3.250614045886309e6,0.0,0.0,0.0,0.0,0.0,0.0,0.0,0.0,0.0,0.0,0.0,0.0,0.0,0.0,0.0,0.0,0.0,0.0,0.0,0.0,514140.55012357957,0.0,0.0,0.0,0.0,0.0,0.0,0.0,551829.4409620614,0.0,0.0,0.0,0.0,0.0,0.0,3.5367253618646866e8,4.5004940102317214e7,1.683929145378121e8,3.886952685924343e8,0.0,514140.55012357957,3.8818112804231066e8,3.313966255895455e7,551829.4409620614,2.1720387540937373e6,1.486366146980408e8,1,0,Missing_Sex,Missing_Ethnic_Group,false,0,Missing_ILO_Employment,Missing_Tenure_Type,Missing_Standard_Region,0,No_Council,Rent_free - £p.a
18056.62662205424,3376.0372386479035,344.48407947089026,14613.665273821525,4930.088942694109,12229.684705819192,3927.587575564696,11691.380425633452,2799.215012947523,271.30446466995306,0.0,21451.035276660605,744.2767958159292,1093.721495032748,0.0,0.0,0.0,0.0,0.0,0.0,0.0,0.0,0.0,0.0,0.0,0.0,0.0,0.0,0.0,0.0,2954.1333182082253,0.0,36736.37134213552,16929.72868656575,31699.877360263177,0.0,0.0,0.0,0.0,0.0,0.0,0.0,213.69609082902923,239.3688562680107,5295.540657356736,1192.3713071781794,0.0,0.0,550.2420418595676,175.87794512297248,611.2986908353671,995.9692017481609,0.0,0.0,0.0,0.0,0.0,0.0,0.0,0.0,0.0,0.0,0.0,0.0,0.0,0.0,0.0,0.0,0.0,0.0,0.0,0.0,1579.7831669847496,0.0,0.0,0.0,0.0,0.0,0.0,0.0,1192.3713071781794,0.0,0.0,0.0,0.0,0.0,0.0,58731.09549089881,15527.359768387661,36736.37134213552,58731.09549089881,0.0,1579.7831669847496,58731.09549089881,7702.959582061,1192.3713071781794,2954.1333182082253,43863.504485608704,1,0,Missing_Sex,Missing_Ethnic_Group,false,0,Missing_ILO_Employment,Missing_Tenure_Type,Missing_Standard_Region,0,No_Council,Rent_free - counts
0.0,0.0,0.0,0.0,0.0,0.0,0.0,0.0,0.0,0.0,0.0,0.0,0.0,0.0,0.0,0.0,0.0,0.0,0.0,0.0,0.0,0.0,0.0,0.0,0.0,0.0,0.0,0.0,0.0,0.0,0.0,0.0,0.0,0.0,0.0,0.0,0.0,0.0,0.0,0.0,0.0,0.0,0.0,0.0,0.0,0.0,0.0,0.0,0.0,0.0,0.0,0.0,0.0,0.0,0.0,0.0,0.0,0.0,0.0,0.0,0.0,0.0,0.0,0.0,0.0,0.0,0.0,0.0,0.0,0.0,0.0,0.0,0.0,0.0,0.0,0.0,0.0,0.0,0.0,0.0,0.0,0.0,0.0,0.0,0.0,0.0,0.0,0.0,0.0,0.0,0.0,0.0,0.0,0.0,0.0,0.0,0.0,0.0,1,0,Missing_Sex,Missing_Ethnic_Group,false,0,Missing_ILO_Employment,Missing_Tenure_Type,Missing_Standard_Region,0,No_Council,Squats - £p.a
0.0,0.0,0.0,0.0,0.0,0.0,0.0,0.0,0.0,0.0,0.0,0.0,0.0,0.0,0.0,0.0,0.0,0.0,0.0,0.0,0.0,0.0,0.0,0.0,0.0,0.0,0.0,0.0,0.0,0.0,0.0,0.0,0.0,0.0,0.0,0.0,0.0,0.0,0.0,0.0,0.0,0.0,0.0,0.0,0.0,0.0,0.0,0.0,0.0,0.0,0.0,0.0,0.0,0.0,0.0,0.0,0.0,0.0,0.0,0.0,0.0,0.0,0.0,0.0,0.0,0.0,0.0,0.0,0.0,0.0,0.0,0.0,0.0,0.0,0.0,0.0,0.0,0.0,0.0,0.0,0.0,0.0,0.0,0.0,0.0,0.0,0.0,0.0,0.0,0.0,0.0,0.0,0.0,0.0,0.0,0.0,0.0,0.0,1,0,Missing_Sex,Missing_Ethnic_Group,false,0,Missing_ILO_Employment,Missing_Tenure_Type,Missing_Standard_Region,0,No_Council,Squats - counts
0.0,0.0,0.0,0.0,0.0,0.0,0.0,0.0,0.0,0.0,0.0,2.3111261015400633e7,0.0,0.0,0.0,0.0,0.0,0.0,0.0,0.0,0.0,0.0,0.0,0.0,0.0,0.0,0.0,0.0,0.0,0.0,0.0,0.0,0.0,0.0,0.0,0.0,0.0,0.0,0.0,0.0,0.0,0.0,0.0,0.0,0.0,0.0,0.0,0.0,0.0,0.0,0.0,0.0,0.0,0.0,0.0,0.0,0.0,0.0,0.0,0.0,0.0,0.0,0.0,0.0,0.0,0.0,0.0,0.0,0.0,0.0,0.0,0.0,2.309944868664731e6,0.0,0.0,0.0,0.0,0.0,0.0,0.0,0.0,0.0,0.0,0.0,0.0,0.0,0.0,7.91418e8,0.0,0.0,7.937279448686646e8,0.0,2.309944868664731e6,7.91418e8,0.0,0.0,0.0,7.937279448686646e8,1,0,Missing_Sex,Missing_Ethnic_Group,false,0,Missing_ILO_Employment,Missing_Tenure_Type,Missing_Standard_Region,0,No_Council,0-4 - £p.a
0.0,0.0,0.0,0.0,0.0,0.0,0.0,0.0,0.0,0.0,0.0,263806.0,0.0,0.0,0.0,0.0,0.0,0.0,0.0,0.0,0.0,0.0,0.0,0.0,0.0,0.0,0.0,0.0,0.0,0.0,0.0,0.0,0.0,0.0,0.0,0.0,0.0,0.0,0.0,0.0,0.0,0.0,0.0,0.0,0.0,0.0,0.0,0.0,0.0,0.0,0.0,0.0,0.0,0.0,0.0,0.0,0.0,0.0,0.0,0.0,0.0,0.0,0.0,0.0,0.0,0.0,0.0,0.0,0.0,0.0,0.0,0.0,6842.688022004391,0.0,0.0,0.0,0.0,0.0,0.0,0.0,0.0,0.0,0.0,0.0,0.0,0.0,0.0,263806.0,0.0,0.0,263806.0,0.0,6842.688022004391,263806.0,0.0,0.0,0.0,263806.0,1,0,Missing_Sex,Missing_Ethnic_Group,false,0,Missing_ILO_Employment,Missing_Tenure_Type,Missing_Standard_Region,0,No_Council,0-4 - counts
0.0,0.0,0.0,0.0,0.0,0.0,0.0,0.0,0.0,0.0,0.0,2.343513774064247e7,3.9379665167173585e6,0.0,0.0,0.0,0.0,0.0,0.0,0.0,0.0,0.0,0.0,0.0,0.0,0.0,0.0,0.0,0.0,0.0,0.0,0.0,912891.5497234189,0.0,0.0,0.0,0.0,0.0,0.0,0.0,0.0,0.0,0.0,0.0,0.0,0.0,0.0,0.0,0.0,0.0,0.0,0.0,0.0,0.0,0.0,0.0,0.0,0.0,0.0,0.0,0.0,0.0,0.0,0.0,0.0,0.0,0.0,0.0,0.0,0.0,0.0,0.0,5.814477692588454e7,0.0,0.0,0.0,0.0,0.0,0.0,0.0,0.0,0.0,0.0,0.0,0.0,0.0,0.0,8.937090000000002e8,0.0,912891.5497234189,9.518537769258847e8,0.0,5.814477692588454e7,8.937090000000002e8,0.0,0.0,0.0,9.509408853761612e8,1,0,Missing_Sex,Missing_Ethnic_Group,false,0,Missing_ILO_Employment,Missing_Tenure_Type,Missing_Standard_Region,0,No_Council,5-9 - £p.a
0.0,0.0,0.0,0.0,0.0,0.0,0.0,0.0,0.0,0.0,0.0,297903.0,768.5959663457935,0.0,0.0,0.0,0.0,0.0,0.0,0.0,0.0,0.0,0.0,0.0,0.0,0.0,0.0,0.0,0.0,0.0,0.0,0.0,768.5959663457935,0.0,0.0,0.0,0.0,0.0,0.0,0.0,0.0,0.0,0.0,0.0,0.0,0.0,0.0,0.0,0.0,0.0,0.0,0.0,0.0,0.0,0.0,0.0,0.0,0.0,0.0,0.0,0.0,0.0,0.0,0.0,0.0,0.0,0.0,0.0,0.0,0.0,0.0,0.0,114991.09743435233,0.0,0.0,0.0,0.0,0.0,0.0,0.0,0.0,0.0,0.0,0.0,0.0,0.0,0.0,297903.0,0.0,768.5959663457935,297903.0,0.0,114991.09743435233,297903.0,0.0,0.0,0.0,297903.0,1,0,Missing_Sex,Missing_Ethnic_Group,false,0,Missing_ILO_Employment,Missing_Tenure_Type,Missing_Standard_Region,0,No_Council,5-9 - counts
0.0,0.0,0.0,0.0,0.0,0.0,0.0,0.0,0.0,0.0,0.0,2.2184756420040704e7,4.641379668802947e6,0.0,0.0,0.0,0.0,0.0,0.0,0.0,0.0,0.0,0.0,0.0,0.0,0.0,0.0,0.0,0.0,0.0,0.0,0.0,1.0685834751388119e6,0.0,0.0,0.0,0.0,0.0,0.0,0.0,0.0,0.0,0.0,0.0,0.0,0.0,0.0,0.0,0.0,0.0,0.0,0.0,0.0,0.0,0.0,0.0,0.0,0.0,0.0,0.0,0.0,0.0,0.0,0.0,0.0,0.0,0.0,0.0,0.0,0.0,0.0,0.0,1.6420560898815464e7,0.0,0.0,0.0,0.0,0.0,0.0,0.0,0.0,0.0,0.0,0.0,0.0,0.0,0.0,8.94243e8,0.0,1.0685834751388119e6,9.106635608988156e8,0.0,1.6420560898815464e7,8.94243e8,0.0,0.0,0.0,9.095949774236767e8,1,0,Missing_Sex,Missing_Ethnic_Group,false,0,Missing_ILO_Employment,Missing_Tenure_Type,Missing_Standard_Region,0,No_Council,10-14 - £p.a
0.0,0.0,0.0,0.0,0.0,0.0,0.0,0.0,0.0,0.0,0.0,298080.9999999999,1883.710957378677,0.0,0.0,0.0,0.0,0.0,0.0,0.0,0.0,0.0,0.0,0.0,0.0,0.0,0.0,0.0,0.0,0.0,0.0,0.0,1883.710957378677,0.0,0.0,0.0,0.0,0.0,0.0,0.0,0.0,0.0,0.0,0.0,0.0,0.0,0.0,0.0,0.0,0.0,0.0,0.0,0.0,0.0,0.0,0.0,0.0,0.0,0.0,0.0,0.0,0.0,0.0,0.0,0.0,0.0,0.0,0.0,0.0,0.0,0.0,0.0,29781.366598850174,0.0,0.0,0.0,0.0,0.0,0.0,0.0,0.0,0.0,0.0,0.0,0.0,0.0,0.0,298080.9999999999,0.0,1883.710957378677,298080.9999999999,0.0,29781.366598850174,298080.9999999999,0.0,0.0,0.0,298080.9999999999,1,0,Missing_Sex,Missing_Ethnic_Group,false,0,Missing_ILO_Employment,Missing_Tenure_Type,Missing_Standard_Region,0,No_Council,10-14 - counts
5.069195343046137e8,1.4309837323042843e6,473382.1939563016,151422.62050240397,22462.530992700267,136461.22178405678,0.0,211957.50693284208,0.0,0.0,4426.362754026489,1.5570153554974668e7,2.750158297858183e7,25836.205673151555,0.0,0.0,0.0,0.0,0.0,0.0,0.0,0.0,0.0,0.0,0.0,0.0,0.0,0.0,0.0,0.0,27232.686756687202,0.0,1.2586128908702794e8,1.6053776161512023e7,994089.9958181503,132077.38676037037,0.0,0.0,0.0,0.0,0.0,0.0,0.0,0.0,0.0,474495.90850315505,0.0,0.0,7.023752892391071e6,4.244925496008643e6,0.0,0.0,0.0,0.0,0.0,3.509585122064756e6,0.0,0.0,0.0,0.0,0.0,0.0,0.0,0.0,0.0,0.0,0.0,0.0,0.0,0.0,0.0,0.0,4.19502947992431e6,0.0,0.0,0.0,0.0,0.0,0.0,0.0,62256.82114409849,0.0,0.0,0.0,0.0,0.0,0.0,1.0866601875036514e9,0.0,1.2586128908702794e8,1.1061702332236876e9,0.0,4.19502947992431e6,1.101975203743763e9,1.180543111804697e7,62256.82114409849,8372.164720328197,9.632443336498886e8,1,0,Missing_Sex,Missing_Ethnic_Group,false,0,Missing_ILO_Employment,Missing_Tenure_Type,Missing_Standard_Region,0,No_Council,15-19 - £p.a
50681.817521136014,89.68139029688632,1105.4796917501876,138.51605007612164,1945.2904498789612,8340.91546024749,0.0,1921.4110917873772,0.0,0.0,44.84069514844316,200748.45967009757,19161.740656948372,89.68139029688632,0.0,0.0,0.0,0.0,0.0,0.0,0.0,0.0,0.0,0.0,0.0,0.0,0.0,0.0,0.0,0.0,44.84069514844316,0.0,71771.93326195751,22441.996482062743,1130.9568156260743,134.52208544532948,0.0,0.0,0.0,0.0,0.0,0.0,0.0,0.0,0.0,134.52208544532948,0.0,0.0,1748.330411667133,1410.3829142391173,0.0,0.0,0.0,0.0,0.0,134.52208544532948,0.0,0.0,0.0,0.0,0.0,0.0,0.0,0.0,0.0,0.0,0.0,0.0,0.0,0.0,0.0,0.0,6771.312525723264,0.0,0.0,0.0,0.0,0.0,0.0,0.0,134.52208544532948,0.0,0.0,0.0,0.0,0.0,0.0,282119.9999999998,0.0,71771.93326195751,282119.9999999998,0.0,6771.312525723264,282119.9999999998,1882.8524971124625,134.52208544532948,44.84069514844316,274526.82453351887,1,0,Missing_Sex,Missing_Ethnic_Group,false,0,Missing_ILO_Employment,Missing_Tenure_Type,Missing_Standard_Region,0,No_Council,15-19 - counts
3.4137676500903687e9,1.7250763883935148e8,1.9732493409317615e6,3.181989076835285e6,351394.88355634065,2.2146408587994464e6,1.7916271941898514e6,2.14788377794182e6,6.515309222575165e6,553570.7038216466,0.0,1.358729272612259e6,0.0,3.086809728566502e6,0.0,0.0,0.0,0.0,0.0,0.0,0.0,0.0,0.0,0.0,0.0,0.0,0.0,0.0,0.0,0.0,2.931949249766404e6,0.0,8.757514097356442e8,2.073898206405247e8,5.904173280644749e7,1.9164438612767663e6,79751.35068120567,0.0,0.0,0.0,0.0,0.0,0.0,0.0,0.0,1.3961553264788903e7,0.0,0.0,4.264264176693935e7,1.970295728074502e7,1.7078474668858793e7,7.58714352817291e6,0.0,0.0,0.0,3.672559467553729e7,0.0,0.0,0.0,837773.4849378605,0.0,0.0,0.0,0.0,0.0,0.0,0.0,0.0,0.0,0.0,0.0,0.0,0.0,0.0,0.0,0.0,0.0,0.0,0.0,0.0,1.8318428229270757e6,0.0,0.0,0.0,0.0,0.0,0.0,1.6404239999999998e9,2.0527597160903615e8,8.757320584535364e8,1.780791981492907e9,0.0,0.0,1.780791981492907e9,1.0280461333243206e8,1.8318428229270757e6,901371.2928879247,6.36806275724515e8,1,0,Missing_Sex,Missing_Ethnic_Group,false,0,Missing_ILO_Employment,Missing_Tenure_Type,Missing_Standard_Region,0,No_Council,20-24 - £p.a
204108.3861561798,11487.680093484989,6336.175884035976,2456.638917985393,3774.9851410569163,68401.24722022444,3704.853646076045,27393.18002889253,1134.515500118723,507.64359976720175,0.0,30698.381748514093,0.0,1638.707025622612,0.0,0.0,0.0,0.0,0.0,0.0,0.0,0.0,0.0,0.0,0.0,0.0,0.0,0.0,0.0,0.0,1322.402520801363,0.0,224825.18560515402,156815.22028647666,57983.64091419591,2754.261329668506,300.1930176642189,0.0,0.0,0.0,0.0,0.0,0.0,0.0,0.0,3958.1737746911754,0.0,0.0,10657.714534142457,7724.868089145125,4790.949065482614,3609.9196139755754,0.0,0.0,0.0,1407.6887760644,0.0,0.0,0.0,345.2879906715844,0.0,0.0,0.0,0.0,0.0,0.0,0.0,0.0,0.0,0.0,0.0,0.0,0.0,0.0,0.0,0.0,0.0,0.0,0.0,0.0,3958.1737746911754,0.0,0.0,0.0,0.0,0.0,0.0,341755.0,100928.60242641681,224825.18560515402,341755.0,0.0,0.0,341755.0,19826.80390890228,3958.1737746911754,1322.402520801363,242541.34900957532,1,0,Missing_Sex,Missing_Ethnic_Group,false,0,Missing_ILO_Employment,Missing_Tenure_Type,Missing_Standard_Region,0,No_Council,20-24 - counts
7.9662450448867e9,6.805898172531555e8,1.3305060991281425e6,167504.64044953696,541144.8121385366,3.084855908370199e6,5.262500453622151e6,5.403904533739066e6,5.340062952213732e6,0.0,0.0,8.724714323170133e6,0.0,1.0255910888713717e7,1.1764761112611897e6,0.0,0.0,0.0,0.0,0.0,0.0,0.0,0.0,0.0,0.0,0.0,0.0,0.0,0.0,0.0,8.036109986525959e6,1.6212928218549972e6,2.4348106680825562e9,5.998607556506689e8,1.758387973911183e8,5.439116778125631e6,0.0,0.0,0.0,0.0,0.0,0.0,0.0,0.0,0.0,2.0841890411190696e7,0.0,0.0,3.3919886813332126e7,9.615396465374492e6,2.600976199026204e7,1.3242995723741272e7,0.0,0.0,0.0,0.0,7.065456331112899e6,0.0,0.0,61585.39196712243,0.0,0.0,0.0,0.0,0.0,0.0,0.0,0.0,0.0,0.0,0.0,0.0,0.0,0.0,0.0,0.0,0.0,0.0,0.0,0.0,2.7345859477011124e6,0.0,0.0,0.0,0.0,0.0,0.0,1.8105791999999995e9,8.731586074413795e8,2.4337464499467077e9,1.9240707590746813e9,0.0,0.0,1.9240707590746813e9,1.0636451735160175e8,2.7345859477011124e6,2.968982377857788e6,-1.2923774268053777e9,1,0,Missing_Sex,Missing_Ethnic_Group,false,0,Missing_ILO_Employment,Missing_Tenure_Type,Missing_Standard_Region,0,No_Council,25-29 - £p.a
292033.8541799684,27527.512986925336,3403.4357268947742,1155.0553301519676,7124.23899028571,85936.05158186288,6762.772625071241,53019.049990403524,3197.0929983389105,0.0,0.0,59471.314536265294,0.0,5062.432145259634,52.472000727024735,0.0,0.0,0.0,0.0,0.0,0.0,0.0,0.0,0.0,0.0,0.0,0.0,0.0,0.0,0.0,4323.346873512037,1445.6398083806334,315756.5791890358,278116.0419928509,171148.0142047805,6113.83419986897,0.0,0.0,0.0,0.0,0.0,0.0,0.0,0.0,0.0,5908.785539544321,0.0,0.0,9363.967306887025,4471.018503323818,7940.920989114696,7049.184516641884,0.0,0.0,0.0,0.0,105.78840331491763,0.0,0.0,118.02812971111759,0.0,0.0,0.0,0.0,0.0,0.0,0.0,0.0,0.0,0.0,0.0,0.0,0.0,0.0,0.0,0.0,0.0,0.0,0.0,0.0,5908.785539544321,0.0,0.0,0.0,0.0,0.0,0.0,377204.0,263728.3101384486,315276.4855161356,377204.0,0.0,0.0,377204.0,22578.262311944283,5908.785539544321,4323.346873512037,137047.26978372523,1,0,Missing_Sex,Missing_Ethnic_Group,false,0,Missing_ILO_Employment,Missing_Tenure_Type,Missing_Standard_Region,0,No_Council,25-29 - counts
8.476142263772886e9,6.730990056347288e8,1.9946510341833392e6,1.1015104519387e6,1.1673793211831762e6,4.776334599174703e6,2.2324616983305763e7,1.6215387590792295e7,3.768253859716543e7,1.333869289778832e6,4.157743222120165e6,3.9731984535811484e7,0.0,2.3891941905663416e7,1.0739420114491093e6,0.0,0.0,2.2362150683751525e6,994592.6789520291,0.0,0.0,0.0,0.0,0.0,0.0,0.0,0.0,0.0,0.0,0.0,1.3003754117864415e7,1.3300829314647694e6,2.6968845056406765e9,6.684256140212616e8,2.3458958667414838e8,6.019508463728372e6,0.0,0.0,0.0,0.0,0.0,0.0,4.83727824758398e6,0.0,0.0,1.700074105327581e7,0.0,0.0,4.763206346466325e7,1.3733710828792086e7,2.4581880734114e7,1.3976848581821581e7,0.0,10347.087993122312,0.0,4.737908642537113e6,6.472885174043708e7,0.0,0.0,0.0,0.0,0.0,0.0,0.0,0.0,0.0,0.0,0.0,0.0,0.0,0.0,0.0,0.0,0.0,0.0,0.0,0.0,0.0,0.0,0.0,2.230603206695273e6,0.0,0.0,0.0,0.0,0.0,0.0,1.7955312e9,9.803355977521572e8,2.6781350985250254e9,1.9890014335879135e9,0.0,0.0,1.9890014335879135e9,1.1915584786936201e8,2.230603206695273e6,4.406661961910856e6,-1.6197115966719947e9,1,0,Missing_Sex,Missing_Ethnic_Group,false,0,Missing_ILO_Employment,Missing_Tenure_Type,Missing_Standard_Region,0,No_Council,30-34 - £p.a
271757.24047666986,31069.20169800803,3747.0005770253993,330.9559417425236,9808.695833914728,78294.7931571602,13654.413990922867,59833.174546276525,8278.620391480952,1333.368777755922,420.7240402382258,76717.29957886174,0.0,10546.044789787169,447.16955758464894,0.0,0.0,372.44741042976216,366.5639315887013,0.0,0.0,0.0,0.0,0.0,0.0,0.0,0.0,0.0,0.0,0.0,7509.687197216958,922.8253491931687,306275.3570129357,266565.84483078925,208863.44303996355,8547.35638918215,0.0,0.0,0.0,0.0,0.0,0.0,287.7361494684414,0.0,0.0,4819.799495884341,0.0,0.0,12664.835402641103,7402.904315810481,7813.44191798939,6468.164176439388,0.0,191.13611587670408,0.0,302.6726944810385,1040.3338472552068,0.0,0.0,0.0,0.0,0.0,0.0,0.0,0.0,0.0,0.0,0.0,0.0,0.0,0.0,0.0,0.0,0.0,0.0,0.0,0.0,0.0,0.0,0.0,4819.799495884341,0.0,0.0,0.0,0.0,0.0,0.0,374069.0000000001,248605.71823554253,306275.3570129357,374069.0000000001,0.0,0.0,374069.0000000001,22828.37742133269,4819.799495884341,7509.687197216958,143828.95316980194,1,0,Missing_Sex,Missing_Ethnic_Group,false,0,Missing_ILO_Employment,Missing_Tenure_Type,Missing_Standard_Region,0,No_Council,30-34 - counts
9.197279129107937e9,8.202085253329189e8,2.2582633774832524e6,1.6611465432119987e6,636555.7949226117,5.668387932893739e6,1.4245787738567078e7,6.2358390902494155e6,2.7100264653442286e7,1.7059755764622358e6,6804.2902730762,5.362736370549471e6,812558.7444632256,3.2647226031348616e7,0.0,0.0,0.0,0.0,0.0,4.32487930717851e6,0.0,0.0,0.0,0.0,0.0,0.0,328120.8917073941,0.0,0.0,0.0,4.081059597470824e7,1.0570682425252786e6,3.0572309058666353e9,7.264912524383705e8,2.5121258406781584e8,6.174564474675666e6,0.0,0.0,0.0,0.0,0.0,1.7937113755217546e6,0.0,0.0,0.0,2.265470418974583e7,0.0,0.0,4.891409314664298e7,1.9917770363605842e7,1.717357193559622e7,6.343752548403483e6,0.0,0.0,0.0,7.005904434685524e6,5.002532493313915e6,0.0,0.0,0.0,0.0,0.0,0.0,0.0,0.0,0.0,0.0,0.0,0.0,0.0,0.0,0.0,0.0,0.0,0.0,0.0,0.0,0.0,0.0,0.0,2.972438416303197e6,0.0,0.0,0.0,0.0,0.0,0.0,1.7071968000000002e9,1.1030863104153507e9,3.0566073758237734e9,1.838975278903819e9,0.0,0.0,1.838975278903819e9,1.1797633060029756e8,2.972438416303197e6,9.09678778659762e6,-2.214153039042197e9,1,0,Missing_Sex,Missing_Ethnic_Group,false,0,Missing_ILO_Employment,Missing_Tenure_Type,Missing_Standard_Region,0,No_Council,35-39 - £p.a
266049.09970220434,29638.26094994683,1636.071977153234,812.7518800670947,14119.360181162578,80749.87531626277,16494.245552499764,55687.88445316351,10149.63277896527,1555.6964576755238,128.4853075694819,66606.86522611647,304.8685712765598,12699.160231546302,0.0,0.0,0.0,0.0,0.0,240.10661603467176,0.0,0.0,0.0,0.0,0.0,0.0,621.9602889252897,0.0,0.0,0.0,9903.6273975566,1601.579701480636,299101.8769827613,263416.5901428837,205996.63964241432,7076.473596288643,0.0,0.0,0.0,0.0,0.0,543.1768627337108,0.0,0.0,0.0,6422.727779393252,0.0,0.0,13303.552855686896,10470.198567499512,5223.876996559467,3656.405250066078,0.0,0.0,0.0,268.5356935950646,159.78885445218984,0.0,0.0,0.0,0.0,0.0,0.0,0.0,0.0,0.0,0.0,0.0,0.0,0.0,0.0,0.0,0.0,0.0,0.0,0.0,0.0,0.0,0.0,0.0,6422.727779393252,0.0,0.0,0.0,0.0,0.0,0.0,355666.00000000006,247302.72462828472,299101.8769827613,355666.00000000006,0.0,0.0,355666.00000000006,24465.19826859352,6422.727779393252,9903.6273975566,122315.83901368122,1,0,Missing_Sex,Missing_Ethnic_Group,false,0,Missing_ILO_Employment,Missing_Tenure_Type,Missing_Standard_Region,0,No_Council,35-39 - counts
8.60597334174019e9,7.757684883654183e8,304818.242328347,2.5640990114369065e7,797713.3688448664,3.7326273311462575e6,4.381479017829313e7,1.0808359906028703e7,3.722766852771625e7,1.2028723209131034e6,171808.59622706292,1.0898352832547495e7,0.0,4.207905065327142e7,0.0,0.0,0.0,2.50169882893889e6,0.0,828029.9278354377,70275.6238175067,0.0,0.0,0.0,0.0,0.0,0.0,0.0,0.0,0.0,6.665255322869559e7,3.010032334645735e6,2.936916580817445e9,6.461140333269329e8,2.354939218460986e8,4.300273961897942e6,0.0,0.0,0.0,0.0,0.0,2.5920950982272606e6,0.0,8.645616470822837e6,0.0,3.882135045766478e7,0.0,0.0,6.323486045686276e7,2.897737326135761e7,6.521274831492369e6,8.084553359959548e6,0.0,16723.919415293196,0.0,0.0,3.5095851220647567e6,0.0,0.0,0.0,0.0,0.0,0.0,0.0,0.0,0.0,0.0,0.0,0.0,0.0,0.0,0.0,0.0,0.0,0.0,0.0,0.0,0.0,0.0,0.0,5.093603187516488e6,0.0,0.0,0.0,0.0,0.0,0.0,1.5569567999999993e9,1.0394627599812758e9,2.929607720752492e9,1.7224538361653829e9,0.0,0.0,1.7224538361653829e9,1.593786320256764e8,5.093603187516488e6,1.4624123461756706e7,-2.1253189467486062e9,1,0,Missing_Sex,Missing_Ethnic_Group,false,0,Missing_ILO_Employment,Missing_Tenure_Type,Missing_Standard_Region,0,No_Council,40-44 - £p.a
245039.9264613103,29877.84114007956,980.0421679034449,2359.3746431919576,10654.268767212361,69495.02997617378,11721.941568629496,46599.25531304437,8420.84370853737,949.927856117512,251.83886726686274,61983.1313926025,0.0,12910.71723058882,0.0,0.0,0.0,751.5552269822881,0.0,193.04385317224342,134.6829203894721,0.0,0.0,0.0,0.0,0.0,0.0,0.0,0.0,0.0,17474.689197144726,1730.4530403658996,279732.77877744543,238757.03736341186,191617.697214013,5344.047047796526,0.0,0.0,0.0,0.0,0.0,750.0512824854734,0.0,2017.3255293928978,0.0,11006.057017105633,0.0,0.0,16754.46344057627,12967.401624571812,2676.3232258410735,3467.8968866771424,0.0,151.57059196400456,0.0,0.0,44.84069514844316,0.0,0.0,0.0,0.0,0.0,0.0,0.0,0.0,0.0,0.0,0.0,0.0,0.0,0.0,0.0,0.0,0.0,0.0,0.0,0.0,0.0,0.0,0.0,11006.057017105633,0.0,0.0,0.0,0.0,0.0,0.0,324365.99999999977,222674.39491961704,279732.77877744543,324365.99999999977,0.0,0.0,324365.99999999977,31467.60076385954,11006.057017105633,17474.689197144726,113483.28423853057,1,0,Missing_Sex,Missing_Ethnic_Group,false,0,Missing_ILO_Employment,Missing_Tenure_Type,Missing_Standard_Region,0,No_Council,40-44 - counts
8.476692661632521e9,1.0593845806774141e9,873469.3425599387,3.715765115147421e7,2.1053785933754817e6,4.548859322233014e6,2.8418018928377435e7,1.3625752912930548e7,4.047898250418146e7,450757.82360415213,187695.38991323198,9.867477807945255e6,6.974791089698605e6,3.363108315448299e7,6.174739425128341e6,0.0,0.0,0.0,0.0,8.85537791868858e6,928220.1731412193,2.0359505889002117e6,0.0,0.0,0.0,0.0,51239.36045718552,0.0,0.0,0.0,5.736704575696957e7,1.123736469847289e6,2.9471601472151737e9,6.653864298246166e8,2.7486149971004736e8,4.306389065829073e6,0.0,0.0,0.0,0.0,0.0,833769.8552251373,1.3689292968874201e6,1.6566485213499018e6,0.0,3.2595769861543246e7,0.0,0.0,9.83662982702885e7,4.0892098058066405e7,3.97396602709088e7,1.8220143833879676e7,0.0,0.0,0.0,0.0,0.0,0.0,0.0,0.0,0.0,0.0,0.0,0.0,0.0,0.0,0.0,0.0,0.0,0.0,0.0,0.0,0.0,0.0,0.0,0.0,0.0,0.0,0.0,0.0,4.276768203810129e6,0.0,0.0,0.0,0.0,0.0,0.0,1.679635199999999e9,1.0165038686904117e9,2.940182861181369e9,1.9175852861719584e9,0.0,0.0,1.9175852861719584e9,2.3574738701984668e8,4.276768203810129e6,1.79818637727145e7,-2.0057865181233082e9,1,0,Missing_Sex,Missing_Ethnic_Group,false,0,Missing_ILO_Employment,Missing_Tenure_Type,Missing_Standard_Region,0,No_Council,45-49 - £p.a
244392.64140545455,35462.88377750506,995.7358344378222,5568.480865779949,20906.60628668238,88655.60037190179,18573.30261329119,54522.77327789516,10769.837146584265,1392.5629076851178,434.0935623565638,74466.80560908675,1490.381562222497,10104.088388430842,1067.2816082995555,0.0,0.0,0.0,0.0,1689.4300848715473,174.80221572585822,320.11058227288606,0.0,0.0,0.0,0.0,106.3446353305241,0.0,0.0,0.0,18404.65084458008,1744.0280867759468,284839.66183395276,250599.6367203027,213640.2887376058,5772.873978632921,0.0,0.0,0.0,0.0,0.0,451.73630050363863,213.69609082902923,388.84991068283426,0.0,9241.072177636404,0.0,0.0,25393.90416316548,18362.650045369293,11682.549684421256,8593.356657122958,0.0,0.0,0.0,0.0,0.0,0.0,0.0,0.0,0.0,0.0,0.0,0.0,0.0,0.0,0.0,0.0,0.0,0.0,0.0,0.0,0.0,0.0,0.0,0.0,0.0,0.0,0.0,0.0,9241.072177636404,0.0,0.0,0.0,0.0,0.0,0.0,349923.99999999977,227963.16134093152,284839.66183395276,349923.99999999977,0.0,0.0,349923.99999999977,44890.50755907003,9241.072177636404,18404.65084458008,135195.4972000299,1,0,Missing_Sex,Missing_Ethnic_Group,false,0,Missing_ILO_Employment,Missing_Tenure_Type,Missing_Standard_Region,0,No_Council,45-49 - counts
1.0125580009108805e10,1.3257901340683765e9,236995.94854391404,1.6824431206536394e8,3.404032205448742e6,6.465512719054446e6,2.7286863690784454e7,1.5953387345027704e7,9.855165378492725e7,1.8019911671728566e6,4901.56877080389,1.9974636988552056e7,5.789689981512513e6,1.2457309841618486e7,0.0,3589.71263616779,0.0,564318.0860645702,4.408555037283081e6,2.8044390084733865e6,460358.87049188156,1.3514094604879348e6,0.0,0.0,78293.61910030179,0.0,0.0,0.0,78293.61910030179,0.0,1.3760481243938646e8,2.831721676998655e6,3.6967889398213587e9,7.711035802188767e8,3.062615670611965e8,3.739113580236391e6,0.0,0.0,0.0,0.0,0.0,1.4362147078813543e6,2.94602145191374e6,2.840158630969637e6,0.0,5.55969530731702e7,0.0,0.0,1.0837678309462216e8,4.528553976740936e7,4.6630228975184575e7,2.61253282634435e7,0.0,13779.428432258206,0.0,0.0,2.5736957561808215e6,0.0,0.0,0.0,0.0,0.0,0.0,0.0,0.0,0.0,0.0,0.0,0.0,0.0,0.0,0.0,0.0,0.0,0.0,0.0,0.0,0.0,0.0,0.0,7.294666827691263e6,0.0,0.0,0.0,0.0,0.0,0.0,1.8869423999999993e9,1.24216976278343e9,3.6919312739060755e9,2.1860617699768987e9,0.0,0.0,2.1860617699768987e9,2.921496586324907e8,7.294666827691263e6,2.818759552678313e7,-2.6444675081781006e9,1,0,Missing_Sex,Missing_Ethnic_Group,false,0,Missing_ILO_Employment,Missing_Tenure_Type,Missing_Standard_Region,0,No_Council,50-54 - £p.a
273572.2436808931,40694.45900364083,643.543637682177,17741.67143446632,38952.45298199195,96938.48414373904,26955.09007149539,77607.40060863424,13772.070570061058,1335.8885222585234,44.84069514844316,92338.81263713259,426.2832119075177,4256.922622440084,0.0,44.84069514844316,0.0,246.92079938067013,163.46978654870597,244.3043128531355,191.68490500734856,827.0341171076041,0.0,0.0,465.2679081630605,0.0,0.0,0.0,465.2679081630605,0.0,22676.266647135686,2565.9813850493156,324634.2460281304,278662.58467734087,241708.62247746877,5662.915343271542,0.0,0.0,0.0,0.0,0.0,563.7769089058638,188.71826987985858,673.240739686602,0.0,15762.028581873947,0.0,0.0,28300.824278090633,22436.369812103454,14642.613684477801,12401.851641929752,0.0,126.79282169212942,0.0,0.0,44.84069514844316,0.0,0.0,0.0,0.0,0.0,0.0,0.0,0.0,0.0,0.0,0.0,0.0,0.0,0.0,0.0,0.0,0.0,0.0,0.0,0.0,0.0,0.0,0.0,15762.028581873947,0.0,0.0,0.0,0.0,0.0,0.0,393112.9999999999,253758.92591751943,324634.2460281304,393112.9999999999,0.0,0.0,393112.9999999999,53127.5903613525,15762.028581873947,22676.266647135686,143025.81753633334,1,0,Missing_Sex,Missing_Ethnic_Group,false,0,Missing_ILO_Employment,Missing_Tenure_Type,Missing_Standard_Region,0,No_Council,50-54 - counts
8.479643551777866e9,1.2067816992496452e9,3.9320314053452937e6,6.056906366245396e8,4.495058582688326e6,8.826249206894724e6,6.128545900475602e7,2.3619464662942737e7,8.627586117287731e7,3.2496757706897245e6,108475.63421376923,3.410468635303293e7,1.5351103048348785e6,1.2203295263413955e7,0.0,0.0,0.0,0.0,481868.1418003551,0.0,2.396460443014197e7,0.0,0.0,0.0,0.0,0.0,2396.2780507136704,0.0,0.0,0.0,1.2977703383572865e8,2.1832350437178835e6,3.2231271519311056e9,6.432721507613509e8,3.0809496366403306e8,1.4876735864397902e6,0.0,0.0,0.0,0.0,0.0,460886.60133857763,2.085652121913531e6,1.8340717357018136e6,0.0,6.409114955920357e7,0.0,0.0,1.0507759318484789e8,6.4767313059988044e7,3.417017104878689e7,2.9001630900383152e7,0.0,165956.12592039272,0.0,0.0,7.93893091788619e7,0.0,0.0,0.0,0.0,0.0,0.0,0.0,0.0,0.0,0.0,0.0,0.0,0.0,0.0,0.0,0.0,0.0,0.0,0.0,0.0,0.0,0.0,0.0,8.409158358423382e6,0.0,0.0,0.0,0.0,0.0,0.0,1.9168511999999993e9,1.0058439449958544e9,3.20866863606959e9,2.306304091875368e9,0.0,0.0,2.306304091875368e9,3.0735108784733474e8,8.409158358423382e6,2.503113576236452e7,-1.9182524460058498e9,1,0,Missing_Sex,Missing_Ethnic_Group,false,0,Missing_ILO_Employment,Missing_Tenure_Type,Missing_Standard_Region,0,No_Council,55-59 - £p.a
253438.0825031501,41929.481894433455,1062.220054366067,57122.26419552767,43365.50021862561,99755.62867266935,31792.11703674964,82220.41016588281,14021.950878480726,1481.84335298359,262.10488203248974,100020.49146580727,89.68139029688632,3724.67798108018,0.0,0.0,0.0,0.0,184.69962998507793,0.0,272.2682772757312,0.0,0.0,0.0,0.0,0.0,176.34809852282612,0.0,0.0,0.0,17686.726768912977,1465.5359572102843,326866.13112456293,260158.04706017248,251330.5581647997,3029.195208711865,0.0,0.0,0.0,0.0,0.0,269.2264903975175,262.3796665592166,372.39564521510107,0.0,18170.177956835312,0.0,0.0,28271.563993664015,25549.132752681104,11432.893726106417,11712.431854238266,0.0,1150.1707044837292,0.0,0.0,1127.2097947785287,0.0,0.0,0.0,0.0,0.0,0.0,0.0,0.0,0.0,0.0,0.0,0.0,0.0,0.0,0.0,0.0,0.0,0.0,0.0,0.0,0.0,0.0,0.0,18170.177956835312,0.0,0.0,0.0,0.0,0.0,0.0,399343.9999999998,233314.47479092475,326506.4306363417,399343.9999999998,0.0,0.0,399343.9999999998,59485.196682322334,18170.177956835312,17686.726768912977,169938.58174645284,1,0,Missing_Sex,Missing_Ethnic_Group,false,0,Missing_ILO_Employment,Missing_Tenure_Type,Missing_Standard_Region,0,No_Council,55-59 - counts
4.030396878978526e9,6.965122851402466e8,1.3075439846629985e6,1.562564348862647e9,5.285148493832997e6,1.0823351768667378e7,1.0542484433237495e8,3.0480642970932126e7,5.485335914390534e7,912023.7900452758,155055.19202819664,3.864830090836642e7,6.188892559235414e6,812431.4190949721,369744.5384010185,484995.54723267374,0.0,0.0,0.0,0.0,0.0,0.0,0.0,0.0,0.0,0.0,9724.49232560067,0.0,0.0,0.0,2.581971143901758e7,906579.4249064226,1.8358324680642462e9,3.147899653287219e8,2.7786837467676306e8,2.9144916961831534e6,0.0,0.0,0.0,0.0,0.0,2.2458779432341345e6,2.6206595980469054e6,7.234225028908443e6,0.0,6.172719542310436e7,0.0,0.0,1.480883166256659e8,1.0062047477205594e8,4.270785597863972e7,3.980943737246652e7,0.0,84904.95508834324,0.0,0.0,0.0,0.0,0.0,0.0,0.0,0.0,0.0,0.0,0.0,0.0,0.0,0.0,0.0,0.0,0.0,0.0,0.0,0.0,0.0,0.0,0.0,0.0,0.0,0.0,8.098992839171067e6,0.0,0.0,0.0,0.0,0.0,0.0,1.692331200000001e9,4.3934121420547867e8,1.8113290752606995e9,2.1055691405363832e9,0.0,0.0,2.1055691405363832e9,4.0828649804001194e8,8.098992839171067e6,8.216483062260798e6,-3.393546336578703e8,1,0,Missing_Sex,Missing_Ethnic_Group,false,0,Missing_ILO_Employment,Missing_Tenure_Type,Missing_Standard_Region,0,No_Council,60-64 - £p.a
152554.9891440162,30753.703506228016,1331.3007473779435,138953.90416722043,46387.20827002873,98979.16473762518,35390.59702737009,81922.35386424634,13563.765310700826,509.13115027052584,1015.0950079695901,84678.1356709911,878.3748111704573,847.223050663506,188.9636700931511,189.69220582093428,0.0,0.0,0.0,0.0,0.0,0.0,0.0,0.0,0.0,0.0,170.0762278536198,0.0,0.0,0.0,12486.156871782496,2301.5900163238684,275570.37994286616,147802.02729551855,226483.6519852266,3998.153110643458,0.0,0.0,0.0,0.0,0.0,554.3186359156034,1058.1424603021933,1663.1140128215136,0.0,17499.984527163066,0.0,0.0,40545.32447844796,36736.3512620438,14147.217486010948,14046.450509680524,0.0,367.8470836782054,0.0,0.0,0.0,0.0,0.0,0.0,0.0,0.0,0.0,0.0,0.0,0.0,0.0,0.0,0.0,0.0,0.0,0.0,0.0,0.0,0.0,0.0,0.0,0.0,0.0,0.0,17499.984527163066,0.0,0.0,0.0,0.0,0.0,0.0,352569.0000000001,131051.37030586542,275319.2002175418,352569.0000000001,0.0,0.0,352569.0000000001,76542.24232012994,17499.984527163066,12486.156871782496,200333.33894745779,1,0,Missing_Sex,Missing_Ethnic_Group,false,0,Missing_ILO_Employment,Missing_Tenure_Type,Missing_Standard_Region,0,No_Council,60-64 - counts
1.0580449089820914e9,4.783248994769081e8,1.1853633447216726e6,1.921884454256321e9,6.667061339924477e6,1.1326130349712163e7,5.106178017752913e7,3.442844640251557e7,5.45084892400998e7,374705.47140014026,1.1448627500900473e6,6.0449865454240024e7,1.2989430868164606e7,0.0,346377.8922257485,0.0,0.0,0.0,0.0,0.0,0.0,0.0,0.0,0.0,0.0,0.0,0.0,0.0,0.0,0.0,3.7024670956884827e6,164875.9473906317,1.0064548528822314e9,2.481217686285074e7,2.4369920219389296e8,350911.11815048824,0.0,0.0,0.0,0.0,0.0,4.920138354168641e6,2.366472674173955e6,2.5813560051689944e6,2.4397057848006267e7,5.58239108547618e7,0.0,0.0,1.0418586127776569e8,8.082037372297508e7,3.864876121017617e7,3.2557460919661656e7,0.0,0.0,0.0,0.0,8.730160700715253e6,0.0,0.0,0.0,0.0,0.0,0.0,0.0,0.0,0.0,0.0,0.0,0.0,0.0,0.0,0.0,0.0,0.0,0.0,0.0,0.0,0.0,0.0,0.0,7.324445103462666e6,0.0,0.0,0.0,0.0,0.0,0.0,2.3898371195557337e9,1.098274692064924e8,9.864719783189156e8,2.7521931182267704e9,0.0,0.0,2.7521931182267704e9,3.4633922694197834e8,7.324445103462666e6,1.1889400879155986e6,1.4748490061119633e9,1,0,Missing_Sex,Missing_Ethnic_Group,false,0,Missing_ILO_Employment,Missing_Tenure_Type,Missing_Standard_Region,0,No_Council,65-69 - £p.a
47545.65664790645,29041.64698072439,2223.6824573963204,175431.2280702045,49656.61334497234,88363.95762029623,29112.876976941487,81515.3200045108,8996.411347031179,1616.4357050707938,1315.964985745805,79739.05835192063,1876.8109437283824,0.0,524.5420636270499,0.0,0.0,0.0,0.0,0.0,0.0,0.0,0.0,0.0,0.0,0.0,0.0,0.0,0.0,0.0,1792.5762809300609,622.9821495147685,227202.05854622312,14684.434563729741,197114.7305229372,924.2425783140693,0.0,0.0,0.0,0.0,0.0,1093.7855652110777,520.3230308901518,812.7781713745167,5890.405842520966,15826.372306531259,0.0,0.0,27725.594060312404,28026.259619199347,12464.129358901242,11666.137926481957,0.0,0.0,0.0,0.0,128.80149455250265,0.0,0.0,0.0,0.0,0.0,0.0,0.0,0.0,0.0,0.0,0.0,0.0,0.0,0.0,0.0,0.0,0.0,0.0,0.0,0.0,0.0,0.0,0.0,15826.372306531259,0.0,0.0,0.0,0.0,0.0,0.0,300433.0,35158.3347415913,227002.7468949433,300433.0,0.0,0.0,300433.0,67333.63816589196,15826.372306531259,1792.5762809300609,258345.696547603,1,0,Missing_Sex,Missing_Ethnic_Group,false,0,Missing_ILO_Employment,Missing_Tenure_Type,Missing_Standard_Region,0,No_Council,65-69 - counts
2.876069605969213e8,1.8996680419054425e8,4.544477760323573e6,1.8122998621314552e9,6.329315276998531e6,8.500425505064301e6,4.1031618114832655e7,3.905759384359707e7,2.58482652813193e7,2.443449248980977e6,553793.0745340062,3.569804817613818e7,4.0354623217077763e6,1.2313036188457858e7,1.1998930845001014e6,0.0,0.0,0.0,0.0,0.0,0.0,0.0,0.0,0.0,0.0,0.0,0.0,0.0,0.0,0.0,0.0,0.0,6.43872608557297e8,0.0,2.286175847218052e8,770317.9953170932,0.0,0.0,0.0,0.0,0.0,3.393728835234888e6,864743.108734282,0.0,8.67214042733424e7,4.926951700975588e7,0.0,0.0,6.56939973689985e7,4.642027657366289e7,5.706596849928728e7,5.033450872084793e7,0.0,0.0,0.0,0.0,4.8844283238372885e7,0.0,0.0,0.0,0.0,0.0,0.0,0.0,0.0,0.0,0.0,0.0,0.0,0.0,0.0,0.0,0.0,0.0,0.0,0.0,0.0,0.0,0.0,0.0,6.464467771721777e6,0.0,0.0,0.0,0.0,0.0,0.0,2.509587399999998e9,2.7967742935313605e7,6.333508100197418e8,2.924660295399956e9,0.0,0.0,2.924660295399956e9,3.619701402176167e8,6.464467771721777e6,0.0,2.0521701021208541e9,1,0,Missing_Sex,Missing_Ethnic_Group,false,0,Missing_ILO_Employment,Missing_Tenure_Type,Missing_Standard_Region,0,No_Council,70-74 - £p.a
16145.54913088728,11383.824969245661,2020.467575292926,174204.7066653905,53586.253204816276,79703.93259024389,28878.8293227841,77265.31983598441,6528.951626041911,1006.3348730826555,1242.0865435171413,70487.52315102846,1435.916442550765,555.7271248625395,306.6119677481436,0.0,0.0,0.0,0.0,0.0,0.0,0.0,0.0,0.0,0.0,0.0,0.0,0.0,0.0,0.0,0.0,0.0,207580.6199198661,0.0,190665.72763322626,1090.7962995678085,0.0,0.0,0.0,0.0,0.0,1105.3731222702977,313.30699144284324,0.0,21414.00418288487,13968.167181767018,0.0,0.0,18113.35910325189,16486.68286536717,17358.009208703006,17870.63680577302,0.0,0.0,0.0,0.0,858.750964797789,0.0,0.0,0.0,0.0,0.0,0.0,0.0,0.0,0.0,0.0,0.0,0.0,0.0,0.0,0.0,0.0,0.0,0.0,0.0,0.0,0.0,0.0,0.0,13968.167181767018,0.0,0.0,0.0,0.0,0.0,0.0,285829.99999999977,9904.778596691598,207580.6199198661,285829.99999999977,0.0,0.0,285829.99999999977,74785.0826263303,13968.167181767018,0.0,267701.9903019292,1,0,Missing_Sex,Missing_Ethnic_Group,false,0,Missing_ILO_Employment,Missing_Tenure_Type,Missing_Standard_Region,0,No_Council,70-74 - counts
4.9022228276116274e7,6.065393543919567e7,1.1973551687884675e6,1.098075823095183e9,3.95231641538227e6,4.308500953174073e6,3.31648986691e7,1.2757094746649943e7,7.934956162230734e6,644829.8621700678,0.0,1.9079173285490155e7,27048.188026615244,0.0,626559.0733152337,0.0,0.0,0.0,0.0,0.0,0.0,0.0,0.0,0.0,0.0,0.0,0.0,0.0,0.0,0.0,0.0,0.0,3.2614144044117224e8,0.0,1.569611133907585e8,16030.853496061462,0.0,0.0,0.0,0.0,0.0,4.49044040788423e6,7.282252922653682e6,0.0,1.2580130214824753e8,3.1165007262080558e7,0.0,0.0,3.453863375955881e7,2.9319223911962107e7,2.703305572431463e7,2.9006050644019812e7,0.0,0.0,0.0,0.0,0.0,0.0,0.0,0.0,0.0,0.0,0.0,0.0,0.0,0.0,0.0,0.0,0.0,0.0,0.0,0.0,0.0,0.0,0.0,0.0,0.0,0.0,0.0,0.0,4.0890432315645106e6,0.0,0.0,0.0,0.0,0.0,0.0,1.7402837999999995e9,3.9017043265560223e6,3.203751038326005e8,2.0330088100122857e9,0.0,0.0,2.0330088100122857e9,2.80952316681748e8,4.0890432315645106e6,0.0,1.5499062561803546e9,1,0,Missing_Sex,Missing_Ethnic_Group,false,0,Missing_ILO_Employment,Missing_Tenure_Type,Missing_Standard_Region,0,No_Council,75-79 - £p.a
3423.3736069012184,3079.9052580003236,1117.90091162601,117088.36942272272,27074.132725959666,56956.50720555804,16889.22386158615,46880.826243007556,2580.152315081071,896.0151330960863,0.0,46260.3195492856,167.85077205709604,0.0,80.05317842950738,0.0,0.0,0.0,0.0,0.0,0.0,0.0,0.0,0.0,0.0,0.0,0.0,0.0,0.0,0.0,0.0,0.0,132794.20241517224,0.0,138769.3700204796,204.82039602542594,0.0,0.0,0.0,0.0,0.0,524.4427759003058,1597.5228900803825,0.0,31633.89339757475,8835.443456275952,0.0,0.0,9125.134644357098,10850.254192236836,7737.852557771007,9562.927999592188,0.0,0.0,0.0,0.0,0.0,0.0,0.0,0.0,0.0,0.0,0.0,0.0,0.0,0.0,0.0,0.0,0.0,0.0,0.0,0.0,0.0,0.0,0.0,0.0,0.0,0.0,0.0,0.0,8835.443456275952,0.0,0.0,0.0,0.0,0.0,0.0,198209.99999999994,1433.8313923580183,132510.73096546234,198209.99999999994,0.0,0.0,198209.99999999994,62524.8704082359,8835.443456275952,0.0,189647.9729022902,1,0,Missing_Sex,Missing_Ethnic_Group,false,0,Missing_ILO_Employment,Missing_Tenure_Type,Missing_Standard_Region,0,No_Council,75-79 - counts
5.125557982351622e7,2.9776295576826606e7,42387.50525408498,1.6455925170756092e9,5.078962497759776e6,6.325400177728903e6,4.0825336869406e7,1.9446936759592604e7,7.257368424392608e6,243682.99276277336,1.7661565952483118e6,2.578699515242764e7,1.502669628587847e6,1.114032049023002e6,2.6804472945737424e6,0.0,0.0,0.0,0.0,863001.598201366,0.0,0.0,0.0,0.0,0.0,0.0,0.0,0.0,0.0,0.0,0.0,0.0,4.7117007929658365e8,0.0,2.3304993002866554e8,0.0,0.0,0.0,0.0,0.0,0.0,8.907835350556009e6,1.0567700375422444e7,3.6699564960156083e6,2.5387748634117126e8,3.092647276155764e7,0.0,0.0,3.764475468741672e7,1.6630787315486357e7,3.384981781133808e7,1.458361068027078e7,0.0,0.0,0.0,0.0,0.0,0.0,0.0,0.0,0.0,0.0,0.0,0.0,0.0,0.0,0.0,0.0,0.0,0.0,0.0,0.0,0.0,0.0,0.0,0.0,0.0,0.0,0.0,0.0,4.057746018101493e6,0.0,0.0,0.0,0.0,0.0,0.0,2.384709460000001e9,5.837012957179073e6,4.607701753516105e8,2.7994256278373375e9,0.0,0.0,2.7994256278373375e9,3.952406321113579e8,4.057746018101493e6,0.0,2.0952056185120873e9,1,0,Missing_Sex,Missing_Ethnic_Group,false,0,Missing_ILO_Employment,Missing_Tenure_Type,Missing_Standard_Region,0,No_Council,80 and above - £p.a
2056.2471996257254,1840.8181586756184,227.47815224669017,170114.58995871042,39913.009030386864,71747.95747226078,28060.673719822917,55160.621544069305,3623.902763466342,453.4442391008348,758.0501674679673,59290.14564682158,466.78354056487024,666.6012455115158,430.87121807349604,0.0,0.0,0.0,0.0,171.58207845347636,0.0,0.0,0.0,0.0,0.0,0.0,0.0,0.0,0.0,0.0,0.0,0.0,189542.39755102602,0.0,213763.29352536896,0.0,0.0,0.0,0.0,0.0,0.0,1198.1013200686034,1477.9077985157255,834.4872355001515,65253.69657701941,8767.817670919387,0.0,0.0,9505.883491754641,5253.855326341764,10284.16940430851,5800.850794361773,0.0,0.0,0.0,0.0,0.0,0.0,0.0,0.0,0.0,0.0,0.0,0.0,0.0,0.0,0.0,0.0,0.0,0.0,0.0,0.0,0.0,0.0,0.0,0.0,0.0,0.0,0.0,0.0,8767.817670919387,0.0,0.0,0.0,0.0,0.0,0.0,271607.0,1099.8403490073586,189129.71560314472,271607.0,0.0,0.0,271607.0,92989.47176856594,8767.817670919387,0.0,265115.26331299206,1,0,Missing_Sex,Missing_Ethnic_Group,false,0,Missing_ILO_Employment,Missing_Tenure_Type,Missing_Standard_Region,0,No_Council,80 and above - counts
0.0,0.0,0.0,0.0,0.0,0.0,0.0,0.0,0.0,0.0,0.0,0.0,0.0,0.0,0.0,0.0,0.0,0.0,0.0,0.0,0.0,0.0,0.0,0.0,0.0,0.0,0.0,0.0,0.0,0.0,0.0,0.0,0.0,0.0,0.0,0.0,0.0,0.0,0.0,0.0,0.0,0.0,0.0,0.0,0.0,0.0,0.0,0.0,0.0,0.0,0.0,0.0,0.0,0.0,0.0,0.0,0.0,0.0,0.0,0.0,0.0,0.0,0.0,0.0,0.0,0.0,0.0,0.0,0.0,0.0,0.0,0.0,0.0,0.0,0.0,0.0,0.0,0.0,0.0,0.0,0.0,0.0,0.0,0.0,0.0,0.0,0.0,0.0,0.0,0.0,0.0,0.0,0.0,0.0,0.0,0.0,0.0,0.0,1,0,Missing_Sex,Missing_Ethnic_Group,false,0,Missing_ILO_Employment,Missing_Tenure_Type,Missing_Standard_Region,0,No_Council,
0.0,0.0,0.0,0.0,0.0,0.0,0.0,0.0,0.0,0.0,0.0,0.0,0.0,0.0,0.0,0.0,0.0,0.0,0.0,0.0,0.0,0.0,0.0,0.0,0.0,0.0,0.0,0.0,0.0,0.0,0.0,0.0,0.0,0.0,0.0,0.0,0.0,0.0,0.0,0.0,0.0,0.0,0.0,0.0,0.0,0.0,0.0,0.0,0.0,0.0,0.0,0.0,0.0,0.0,0.0,0.0,0.0,0.0,0.0,0.0,0.0,0.0,0.0,0.0,0.0,0.0,0.0,0.0,0.0,0.0,0.0,0.0,0.0,0.0,0.0,0.0,0.0,0.0,0.0,0.0,0.0,0.0,0.0,0.0,0.0,0.0,0.0,0.0,0.0,0.0,0.0,0.0,0.0,0.0,0.0,0.0,0.0,0.0,1,0,Missing_Sex,Missing_Ethnic_Group,false,0,Missing_ILO_Employment,Missing_Tenure_Type,Missing_Standard_Region,0,No_Council,
